angles,alemany,catala,espanyol,frances,italia,polones,portugues,rus,suec
as,wie,com,como,comme,come,jak,Como,в качестве,som
his,seine,seva,su,le sien,il suo,jego,seu,его,hans
that,das,que,que,ce,Quello,że,este,что,den där
he,er,ell,él,il,lui,on,ele,он,han
was,war,era,estaba,a été,era,był,foi,был,var
for,zum,per,por,pour,per,dla,por,за,för
on,an,en,en,sur,Su,na ,sobre,на,på
are,sind,són,son,sommes,sono,są,são,находятся,are
with,mit,amb,con,avec,insieme a,z,com,с,med
they,sie,que,ellos,elles ou ils,essi,one,elas,Oни,de
be,sein,ser,ser,être,essere,być,ser,быть,vara
at,bei,en,a,à,a,w,no,в,på
one,eines,significarà,una,une,uno,jeden,um,один,ett
have,haben,tenir,tener,ont,avere,mieć,tenho,имеют,ha
this,Dies,aquest,este,cette,questo,ten,isto,это,detta
from,aus,des,de,de,da,z,a partir de,из,från
by,durch,per,por,par,di,za pomocą,por,по,förbi
hot,heiß,calenta,caliente,chaud,piccante,gorący,quente,горячий,varm
word,Wort,paraula,palabra,mot,parola,słowo,palavra,слово,ord
but,aber,però,pero,mais,ma,ale,mas,но,men
what,was,ho,qué,Quel,che cosa,Co,o que,какие,Vad
some,etwas,alguns,alguno,quelques,alcuni,niektóre,algum,немного,några
is,ist,és,es,est,è,jest,é,является,är
it,es,el,eso,ce,esso,to,isto,Это,Det
you,Sie,vostè,tú,tu,voi,ty,vocês,ты,du
or,oder,o,o,ou,o,lub,ou,или же,eller
had,hatte,tingut,tenido,avais,avevo,miał,teve,было,ha
the,das,la,la,la,il,the,a,а,de
of,von,d’,de,de,di,z,do,из,av
to,zu,a,a,à,a,do,para,к,till
and,und,i,y,et,e,oraz,e,а также,och
a,a,ella,a,un,un,a,uma,а,en
in,in,en,en,dans,in,w,dentro,в,i
we,wir,nosaltres,nosotros,nous,noi,my,nós,мы,vi
can,kann,pot,pueden,boîte,Potere,Móc,posso,Можно,burk
out,aus,sortida,afuera,dehors,fuori,na zewnątrz,Fora,вне,ut
other,Sonstiges,altre,otro,autre,Altro,inny,outro,Другой,Övrig
were,war,eren,fueron,étaient,erano,byli,nós estamos,мы,var
which,die,que,cual,qui,quale,który,que,который,som
do,tun,fer,hacer,fais,fare,robić,Faz,делать,do
their,ihr,seva,sus,leur,i loro,ich,seus,их,deras
time,Zeit,temps,tiempo,temps,volta,czas,Tempo,время,tid
if,wenn,si,si,si,Se,jeśli,E se,если,om
will,Wille,farà,voluntad,sera,volere,będzie,vai,будут,kommer
how,wie,com,cómo,comment,come,Jak,Como as,как,hur
said,sagte,dit,dijo,a dit,disse,powiedział,disse,сказал,nämnda
an,ein,ocupat,un,un,un,jakiś,um,атмосфера,en
each,jeder,cada,cada,chaque,a testa,każdy,cada,каждый,varje
tell,erzählen,dir,decir,raconter,raccontare,powiedzieć,dizer,сказать,säga
does,tut,fa,lo hace,Est-ce que,fa,czy,faz,делает,göra
set,einstellen,conjunt,establecer,Positionner,impostare,ustawić,definir,установлен,uppsättning
three,drei,mar,Tres,Trois,tre,trzy,três,три,tre
want,wollen,voler,desear,vouloir,volere,chcieć,querer,хочу,vilja
air,Luft,aire,aire,air,aria,powietrze,ar,воздуха,luft
well,Gut,bé,bien,bien,bene,dobrze,Nós vamos,Что ж,väl
also,Auch,també,además,aussi,anche,Również,também,также,också
play,abspielen,jugar,desempeñar,jouer,giocare a,bawić się,Toque,играть в,spela
small,klein,petit,pequeña,petit,piccolo,mały,pequena,маленький,små
end,Ende,fi,final,fin,fine,koniec,fim,конец,slutet
put,stellen,posar,poner,mettre,mettere,położyć,colocar,помещать,sätta
home,Heimat,casa,hogar,domicile,casa,Dom,casa,дом,Hem
read,lesen,llegir,leer,lis,leggere,czytać,ler,читать,läsa
hand,Hand,mà,mano,main,mano,ręka,mão,рука,hand
port,Hafen,port,Puerto,Port,porta,Port,porta,порт,hamn
large,groß,gran,largo,grand,di grandi dimensioni,wielki,ampla,большой,stor
spell,Fluch,lletrejar,deletrear,sort,sillabare,zaklęcie,soletrar,орфографии,stava
add,hinzufügen,afegir,agregar,ajouter,Inserisci,Dodaj,adicionar,добавлять,Lägg till
land,Land,terra,tierra,terrain,terra,grunt,terra,земельные участки,landa
here,hier,aquí,aquí,ici,qui,tutaj,aqui,здесь,här
must,muss,ha,deber,devoir,dovere,musi,devo,должен,måste
big,groß,gran,grande,gros,grande,duża,grande,большой,stor
high,hoch,alta,alto,haute,alto,wysoki,Alto,высокая,hög
such,eine solche,tals,tal,tel,tale,taki,tal,такой,sådan
follow,Folgen,segueixi,seguir,suivre,Seguire,śledzić,Segue,следить,Följ
act,Handlung,acte,Actuar,loi,atto,akt,Aja,действовать,spela teater
ask,Fragen,preguntar,pedir,interroger,Chiedi,zapytać się,perguntar,спросить,fråga
men,Männer,homes,hombres,Hommes,uomini,mężczyźni,homens,люди,män
change,Rückgeld,canvi,cambio,monnaie,modificare,zmiana,mudança,сдача,förändra
light,hell,llum,luz,lumière,luce,światło,leve,легкий,ljus
kind,nett,tipus,tipo,gentil,tipo,uprzejmy,Gentil,Добрый,snäll
off,aus,off,apagado,à l'arrêt,spento,wyłączony,desligado,выключенный,av
need,brauchen,necessitarà,necesitar,besoin,bisogno,potrzebować,precisar,необходимость,behöver
house,Haus,casa,casa,loger,Casa,dom,lar,дом,hus
picture,Bild,foto,imagen,image,immagine,obrazek,foto,картина,bild
try,Versuchen,tractar,probar,essayer,Tentativo,próbować,tentar,пытаться,Prova
us,uns,nosaltres,a nosotros,nous,noi,nas,nós,нас,oss
again,wieder,nou,otra vez,encore,ancora,ponownie,novamente,опять таки,om igen
animal,Tier,animals,animal,animal,animale,zwierzę,animal,животное,djur-
point,Punkt,punt,punto,indiquer,punto,punkt,ponto,точка,punkt
mother,Mutter,mare,madre,mère,madre,matka,mãe,мать,mor
world,Welt,món,mundo,monde,mondo,świat,mundo,Мир,värld
near,nahe,prop,cerca,à proximité,vicino,Blisko,aproximar,около,nära
build,bauen,construir,construir,construire,costruire,budować,construir,строить,bygga
self,selbst,acte,uno mismo,soi,se stesso,samego siebie,auto,себя,själv
earth,Erde,terra,tierra,la terre,terra,Ziemia,terra,земной шар,jord
father,Vater,pare,padre,père,padre,ojciec,pai,отец,far
any,irgendein,qualsevol,ningún,n'importe quel,qualunque,każdy,algum,Любые,några
new,Neu,nou,nuevo,Nouveau,nuovo,Nowy,novo,новый,ny
work,Arbeit,treball,trabajar,travailler,opera,praca,trabalhar,Работа,arbete
part,Teil,part,parte,partie,parte,część,papel,часть,del
take,nehmen,prendre,tomar,prendre,prendere,Brać,leva,брать,ta
get,erhalten,aconseguir,obtener,obtenir,ottenere,Dostawać,pegue,получить,skaffa sig
place,Platz,lloc,lugar,place,posto,miejsce,lugar,место,plats
made,gemacht,fet,hecha,fabriqué,fatto,zrobiony,feito,сделанный,gjord
live,live,viure,En Vivo,Direct,abitare,relacja na żywo,viver,жить,leva
where,wo,on,dónde,où,dove,gdzie,Onde,куда,var
after,nach,després,después,après,dopo,po,depois,после,efter
back,der Rücken,esquena,espalda,retour,Indietro,plecy,de volta,назад,tillbaka
little,wenig,poc,poco,peu,piccolo,mały,pequena,маленький,liten
only,nur,només,solamente,seulement,solo,tylko,só,Только,endast
round,runden,ronda,redondo,tour,il giro,okrągły,redondo,круглый,runda
man,Mann,home,hombre,homme,uomo,facet,cara,человек,man
year,Jahr,anys,año,an,anno,rok,ano,год,år
came,kam,vi,vino,est venu,è venuto,przyszło,veio,пришел,kom
show,Show,espectacle,mostrar,Afficher,mostrare,pokazać,mostrar,показывать,show
every,jeder,cada,cada,tous,ogni,każdy,todo,каждый,varje
good,gut,bona,bueno,bien,Buona,Dobry,Boa,хороший,Bra
me,mich,em,yo,moi,me,ja,Eu,мне,mig
give,geben,donar,dar,donner,dare,dawać,dar,дайте,ge
our,unser,nostra,nuestro,notre,i nostri,nasz,nosso,наш,vår
under,unter,sota,por debajo,en dessous de,sotto,pod ,debaixo,под,under
name,Name,nom,nombre,Nom,nome,Nazwa,nome,имя,namn
very,sehr,molt,muy,très,molto,bardzo,muito,очень,mycket
through,durch,través,mediante,à travers,attraverso,poprzez,Através dos,через,genom
just,nur,només,sólo,juste,Appena,tylko,apenas,просто,bara
form,bilden,forma,forma,formulaire,modulo,Formularz,Formato,форма,form
sentence,Satz,frase,frase,phrase,frase,wyrok,frase,приговор,mening
great,Großartig,gran,estupendo,génial,grande,Świetnie,excelente,большой,bra
think,denken,pensar,pensar,pense,pensare,myśleć,acho,считать,tror
say,sagen,dir,decir,dire,dire,mówić,dizer,сказать,säga
help,Hilfe,ajudar,ayuda,aider,aiuto,Wsparcie,ajuda,помощь,hjälp
low,niedrig,sota,bajo,bas,basso,niski,baixo,низкий,låg
line,Linie,línia,línea,ligne,linea,linia,linha,линия,linje
differ,abweichen,diferir,diferir de,différer,differire,różnić się,diferir,отличается,skilja sig
cause,weil,causa,causa,cause,causa,przyczyna,causa,причина,orsak
much,viel,molt,mucho,beaucoup,tanto,dużo,Muito de,много,mycket
mean,bedeuten,significarà,significar,moyenne,significare,oznaczać,significa,иметь в виду,betyda
before,Vor,abans,antes de,avant de,prima,zanim,antes da,до,innan
move,Bewegung,moviment,Muevete,mouvement,muoversi,ruszaj się,jogada,шаг,flytta
right,Rechts,dret,Correcto,droit,Giusto,prawo,certo,Правильно,höger
boy,Junge,nen,chico,garçon,ragazzo,chłopak,Garoto,мальчик,pojke
old,alt,edat,antiguo,Agé de,vecchio,stary,velho,старый,gammal
too,zu,massa,también,aussi,anche,także,também,слишком,för
same,gleich,mateixa,mismo,même,stesso,to samo,mesmo,такой же,samma
she,sie,ella,ella,elle,lei,Ona,ela,она,hon
all,alle,tot,todos,tout,tutto,wszystko,tudo,все,Allt
there,dort,hi,allá,là,là,tam,lá,там,där
when,Wenn,quan,cuando,lorsque,quando,gdy,quando,когда,när
up,hoch,fins,arriba,en haut,su,w górę,acima,вверх,upp
use,verwenden,ús,usar,utilisation,uso,posługiwać się,usar,использовать,använda sig av
your,dein,seva,su,ton,tuo,twój,sua,ваш,din
way,Weg,camí,camino,façon,modo,droga,caminho,путь,sätt
about,um,sobre,sobre,sur,di,o,cerca de,о,handla om
many,viele,molts,muchos,de nombreux,molti,wiele,muitos,много,många
then,dann,continuació,después,alors,poi,następnie,então,тогда,sedan
them,Sie,ells,a ellos,leur,loro,ich,eles,их,dem
write,schreiben,escriure,escribe,écrivez,scrivere,pisać,Escreva,записывать,skriva
would,möchten,faria,haría,aurait,voluto,zrobiłbym,gostaria,бы,skulle
like,wie,com,me gusta,Comme,piace,tak jak,Curti,как,tycka om
so,Also,així,asi que,alors,Così,więc,assim,так,så
these,diese,aquests,estas,ces,queste,te,esses,эти,dessa
her,Sie,seva,su,son,suo,ją,sua,ей,henne
long,lang,llarg,largo,long,lungo,długie,grandes,длинная,lång
make,machen,fer,hacer,Fabriquer,rendere,robić,faço,делать,göra
thing,Ding,cosa,cosa,chose,cosa,rzecz,coisa,вещь,sak
see,sehen,veure,ver,voir,vedere,Widzieć,Vejo,видеть,ser
him,ihn,ell,a él,lui,lui,jego,dele,его,honom
two,zwei,dos,dos,deux,Due,dwa,dois,два,två
has,hat,té,posee,a,ha,ma,tem,имеет,har
look,sehen,buscar,Mira,voir,Guarda,wyglądać,olhar,Смотреть,se
more,mehr,més,más,Suite,Di più,jeszcze,mais,более,Mer
day,Tag,dia,día,journée,giorno,dzień,dia,день,dag
could,könnte,podia,pudo,pourrait,Potevo,mógłby,poderia,мог,skulle kunna
go,gehen,anar,Vamos,aller,andare,iść,vai,идти,gå
come,Kommen Sie,venir,venir,viens,venire,chodź,venha,прийти,komma
number,Nummer,nombre,número,Numéro,numero,numer,número,количество,siffra
sound,Klang,so,sonido,du son,suono,dźwięk,som,звук,ljud
no,nein,no,no,non,No,nie,não,нет,Nej
most,die meisten,més,la mayoría,plus,più,bardzo,a maioria,самый,mest
people,Personen,persones,gente,personnes,le persone,ludzie,pessoas,люди,människor
my,mein,meu,mi,ma,mio,mój,minha,мой,min
over,Über,sobre,sobre,plus de,Sopra,koniec,sobre,над,över
know,kennt,saber,saber,connaître,sapere,wiedzieć,conhecer,знать,känna till
water,Wasser,aigua,agua,l'eau,acqua,woda,agua,вода,vatten
than,als,que,que,que,di,niż,do que,чем,än
call,Anruf,anomenada,llamar,appel,chiamata,połączenie,ligar,вызов,ringa upp
first,Erste,primer,primero,première,primo,pierwszy,primeiro,первый,först
who,wer,que,quién,qui,chi,kto,quem,кто,WHO
may,kann,pot,mayo,peut,Maggio,może,poderia,май,Maj
down,Nieder,baix,abajo,vers le bas,fuori uso,na dół,baixa,вниз,ner
side,Seite,costat,lado,côté,lato,bok,lado,сторона,sida
been,gewesen,estat,estado,a été,stato,został,estive,был,varit
now,jetzt,ara,ahora,à présent,adesso,Teraz,agora,в настоящее время,nu
find,finden,trobar,encontrar,trouver,trova,odnaleźć,achar,найти,hitta
head,Kopf,cap,cabeza,tête,testa,głowa,cabeça,глава,huvud
own,besitzen,propi,propio,posséder,possedere,własny,ter,собственный,egen
page,Seite,pàgina,página,page,pagina,strona,página,страница,sida
should,sollte,ha,debería,devrait,dovrebbe,powinien,deve,должен,skall
country,Land,país,país,pays,nazione,kraj,país,страна,Land
found,gefunden,trobat,fundar,trouvé,fondare,znaleziony,encontrado,найденный,hittades
answer,Antworten,resposta,responder,réponse,Rispondere,odpowiadać,responda,отвечать,svar
school,Schule,escola,escuela,école,scuola,szkoła,escola,школа,skola
grow,größer werden,créixer,crecer,grandir,crescere,rosnąć,crescer,расти,växa
study,lernen,estudi,estudiar,étude,studia,nauka,estudar,исследование,studie
still,still,encara,todavía,toujours,ancora,nadal,ainda,Все еще,fortfarande
learn,lernen,aprendre,aprender,apprendre,imparare,uczyć się,aprender,учиться,lära sig
plant,Pflanze,planta,planta,plante,pianta,zakład,plantar,завод,växt
cover,Startseite,coberta,cubrir,couverture,coperchio,pokrywa,cobrir,покрытие,omslag
food,Lebensmittel,aliments,alimento,aliments,cibo,jedzenie,Comida,еда,mat
sun,Sonne,sol,sol,Soleil,sole,słońce,Sol,солнце,Sol
four,vier,saber,cuatro,quatre,quattro,cztery,quatro,четыре,fyra
between,zwischen,entre,Entre,entre,fra,pomiędzy,entre,между,mellan
state,Zustand,estat,estado,Etat,stato,państwo,Estado,государство,stat
keep,behalten,mantenir,mantener,donjon,mantenere,trzymać,guarda,хранить,ha kvar
eye,Auge,ull,ojo,œil,occhio,oko,olho,глаз,öga
never,noch nie,mai,nunca,jamais,mai,nigdy,Nunca,никогда,aldrig
last,letzte,última,ultimo,dernière,Ultimo,ostatni,último,последний,sista
let,Lassen,deixar,dejar,laisser,permettere,wynajmować,deixar,позволять,låta
thought,Gedanke,pensat,pensamiento,pensait,pensiero,myśl,pensamento,мысль,trodde
city,Stadt,ciutat,ciudad,ville,città,Miasto,cidade,город,stad
tree,Baum,arbre,árbol,arbre,albero,drzewo,árvore,дерево,träd
cross,Kreuz,creuar,cruz,traverser,attraverso,krzyż,Cruz,Пересекать,korsa
farm,Bauernhof,granja,granja,cultiver,azienda agricola,gospodarstwo rolne,Fazenda,ферма,odla
hard,schwer,dur,difícil,dur,difficile,ciężko,duro,жесткий,hård
start,Anfang,inici,comienzo,début,inizio,początek,começar,Начало,Start
might,könnte,podria,puede que,force,potrebbe,móc,poderia,мощь,makt
story,Geschichte,història,historia,histoire,storia,fabuła,história,история,berättelse
saw,gesehen,serra,sierra,vu,sega,widział,viu,пила,fick syn på
far,weit,ara,lejos,loin,lontano,daleko,distante,далеко,långt
sea,Meer,mar,mar,mer,mare,morze,mar,море,hav
draw,zeichnen,dibuixar,dibujar,dessiner,disegno,remis,empate,рисовать,dra
left,links,esquerra,izquierda,la gauche,sinistra,lewy,deixei,оставил,vänster
late,spät,tarda,tarde,en retard,tardi,późno,tarde,поздно,sent
run,Lauf,run,correr,Cours,correre,biegać,corre,бежать,springa
don’t,nicht,no,no,ne le faites pas,non,Nie,não,не,inte
while,während,mentre,tiempo,tandis que,mentre,podczas gdy,enquanto,пока,medan
press,Drücken Sie,premsa,prensa,presse,stampa,naciśnij,pressione,Нажмите,Tryck
close,nah dran,prop,cerca,proche,chiudere,blisko,perto,Закрыть,stänga
night,Nacht,nit,noche,nuit,notte,noc,noite,ночь,natt
real,real,reals,real,réel,vero,prawdziwy,real,настоящий,verklig
life,Leben,vida,vida,la vie,vita,życie,vida,жизнь,liv
few,wenig,pocs,pocos,peu,pochi,mało,alguns,несколько,få
north,Norden,nord,norte,Nord,nord,północ,norte,к северу,norr
book,Buchen,llibre,libro,livre,prenotare,książka,livro,книга,bok
carry,tragen,portar,llevar,porter,trasportare,mieć przy sobie,carregar,нести,bära
took,nahm,prendre,tomó,ont pris,ha preso,wzięła,tomou,взял,tog
science,Wissenschaft,ciència,Ciencias,la science,scienza,nauki ścisłe,Ciência,наука,vetenskap
eat,Essen,menjar,comer,manger,mangiare,jeść,comer,есть,äta
room,Zimmer,habitació,habitación,chambre,camera,Pokój,quarto,номер,rum
friend,Freund,amic,amigo,ami,amico,przyjaciel,amigo,друг,vän
began,begann,començar,empezó,a commencé,iniziò,zaczął się,começou,началось,påbörjade
idea,Idee,idea,ocurrencia,idée,idea,pomysł,idéia,идея,aning
fish,Fische,peixos,pez,poisson,pesce,ryba,peixe,рыбы,fisk
mountain,Berg,muntanya,montaña,Montagne,montagna,Góra,montanha,гора,fjäll
stop,Pause,aturi,deténgase,arrêt,fermare,Zatrzymaj się,Pare,остановка,sluta
once,einmal,uncop,una vez,une fois que,una volta,raz,uma vez,однажды,en gång
base,Base,base,base,base,base,baza,base,база,bas
hear,hören,escoltar,oír,écouter,ascoltare,słyszeć,ouvir,слышать,höra
horse,Pferd,cavall,caballo,cheval,cavallo,koń,cavalo,лошадь,häst
cut,schneiden,tall,Corte,Couper,tagliare,skaleczenie,cortar,резать,skära
sure,sicher,segur,Por supuesto,Bien sur,sicuro,Jasne,claro,Конечно,Säker
watch,Uhr,veure,reloj,Regardez,guarda,zegarek,ver,смотреть,Kolla på
colour,Farbe,color,color,Couleur,colore,kolor,cor,цвет,Färg
face,Gesicht,cara,cara,Visage,viso,Twarz,enfrentar,лицо,ansikte
wood,Holz,fusta,madera,bois,Di legno,drewno,madeira,древесина,trä
main,hauptsächlich,principal,principal,principale,principale,Główny,a Principal,главный,huvudsaklig
open,offen,oberta,abierto,ouvert,aprire,otwarty,abrir,открытым,öppna
seem,erscheinen,sembla,parecer,sembler,sembrare,wydać się,parecer,казаться,verka
together,zusammen,junts,juntos,ensemble,insieme,razem,juntos,вместе,tillsammans
next,nächste,següent,Siguiente,Suivant,prossimo,następny,próximo,следующий,Nästa
white,Weiß,blanc,blanco,blanche,bianca,biały,branco,белый,vit
children,Kinder,nens,niños,enfants,figli,dzieci,crianças,дети,barn
begin,Start,començar,empezar,commencer,inizio,zaczynać,começar,начинать,Börja
got,habe,aconseguit,obtuvo,a obtenu,avuto,dostał,pegou,есть,gett
walk,Spaziergang,caminar,caminar,marche,camminare,spcerować,andar,ходить,promenad
example,Beispiel,exemple,ejemplo,Exemple,esempio,przykład,exemplo,пример,exempel
ease,Leichtigkeit,alleujar,facilitar,faciliter,sollievo,łatwość,facilidade,простота,lätthet
paper,Papier,paper,papel,papier,carta,papier,papel,бумага,papper
group,Gruppe,grup,grupo,groupe,gruppo,Grupa,grupo,группа,grupp
always,stets,sempre,siempre,toujours,sempre,zawsze,sempre,всегда,alltid
music,Musik,música,música,musique,musica,muzyka,música,Музыка,musik
those,diese,els,aquellos,ceux,quelli,tych,Essa,те,de där
both,beide,tant,ambas cosas,tous les deux,Entrambi,Zarówno,Ambas,оба,både
mark,Kennzeichen,marca,Marcos,marque,marchio,znak,marca,отметка,markera
often,häufig,sovint,con frecuencia,souvent,Spesso,często,muitas vezes,довольно часто,ofta
letter,Buchstabe,carta,carta,lettre,lettera,list,carta,письмо,brev
until,bis um,fins,Hasta que,jusqu'à,Fino a,aż do,até,до того как,fram tills
mile,Meile,milla,milla,mile,miglio,Mila,milha,миля,mile
river,Fluss,riu,río,fleuve,fiume,rzeka,rio,река,flod
car,Wagen,cotxe,coche,auto,macchina,samochód,carro,автомобиль,bil
feet,Fuß,peus,pies,pieds,piedi,stopy,pés,ноги,fötter
care,Pflege,cura,cuidado,se soucier,cura,opieka,Cuidado,забота,vård
second,zweite,segon,segundo,deuxième,secondo,druga,segundo,второй,andra
enough,genügend,suficient,suficiente,suffisant,abbastanza,wystarczająco ,o suficiente,достаточно,tillräckligt
plain,schmucklos,pla,sencillo,plaine,pianura,zwykły,avião,простой,enkel
girl,Mädchen,noia,chica,fille,ragazza,dziewczyna,menina,девочка,flicka
usual,üblich,habitual,habitual,habituel,solito,zwykły,usual,обычный,vanliga
young,jung,jove,joven,Jeune,giovane,młody,jovem,молодой,ung
ready,bereit,llest,Listo,prêt,pronto,gotowy,pronto,готовы,redo
above,Oben,persobre,arriba,au dessus,sopra,nad,acima de,выше,ovan
ever,je,mai,alguna vez,déjà,mai,zawsze,sempre,Когда-либо,någonsin
red,rot,vermell,rojo,rouge,rosso,czerwony,vermelho,красный,röd
list,aufführen,llista,lista,liste,elenco,lista,Lista,список,lista
though,obwohl,encara,aunque,pourtant,anche se,chociaż,no entanto,хотя,fastän
feel,Gefühl,sentir,sentir,se sentir,tatto,czuć,sentir,Чувствовать,känna
talk,sich unterhalten,xerrada,hablar,parler,parlare,rozmowa,conversa,разговаривать,prata
bird,Vogel,ocell,pájaro,oiseau,uccello,ptak,pássaro,птица,fågel
soon,demnächst,aviat,pronto,bientôt,presto,wkrótce,em breve,скоро,snart
body,Karosserie,cos,cuerpo,corps,corpo,ciało,corpo,тело,kropp
dog,Hund,gos,perro,chien,cane,pies,cão,собака,hund
family,Familie,família,familia,famille,famiglia,rodzina,família,семья,familj
direct,Direkte,directa,directo,direct,diretto,bezpośredni,direto,непосредственный,direkt
pose,Pose,plantejar,pose,pose,posa,poza,pose,поза,utgör
leave,verlassen,deixar,abandonar,Pars,partire,Odejdź,sair,оставлять,lämna
song,Lied,cançó,canción,chanson,canzone,utwór muzyczny,música,песня,låt
measure,messen,mesurar,medida,mesure,misurare,mierzyć,a medida,мера,mäta
door,Tür,porta,puerta,porte,porta,drzwi,porta,дверь,dörr
product,Produkt,producte,producto,produit,Prodotto,produkt,produtos,товар,produkt
black,Schwarz,negre,negro,le noir,Nero,czarny,Preto,черный,svart
short,kurz,curta,corto,court,breve,niski,curto,короткая,kort
numeral,Ziffer,numeral,número,numéral,numerale,liczbowy,numeral,цифра,siffra
class,Klasse,classe,clase,classer,classe,klasa,classe,учебный класс,klass
wind,Wind,vent,viento,vent,vento,wiatr,vento,ветер,vind
question,Frage,pregunta,pregunta,question,domanda,pytanie,pergunta,вопрос,fråga
happen,passieren,succeir,suceder,se produire,accadere,zdarzyć,acontecer,случаться,hända
complete,Komplett,completa,completo,Achevée,completare,kompletny,completo,полный,komplett
ship,Schiff,vaixell,Embarcacion,bateau,nave,statek,navio,судно,fartyg
area,Bereich,zona,área,Région,la zona,powierzchnia,área,область,område
half,halb,mitjà,mitad,demi,metà,połowa,metade,половина,halv
rock,Felsen,roca,roca,rock,roccia,głaz,Rocha,рок,sten
order,bestellen,fi,ordenar,ordre,ordine,zamówienie,ordem,заказ,ordning
fire,Feuer,foc,fuego,Feu,fuoco,ogień,incêndio,Огонь,brand
south,Süden,sud,sur,sud,Sud,południe,sul,юг,söder
problem,Problem,problema,problema,problème,problema,problem,problema,проблема,problem
piece,Stück,peça,pieza,pièce,pezzo,kawałek,peça,кусок,bit
told,gesagt,dit,dicho,Raconté,detto,powiedział,contou,сказал,berättade
knew,wusste,sabia,supo,connaissait,conosceva,Wiedziałem,sabia,знал,visste
pass,passieren,passar,pasar,passer,passaggio,podawać,passar,проходить,passera
since,seit,des,ya que,puisque,da,odkąd,desde,поскольку,eftersom
top,oben,superior,parte superior,Haut,superiore,Top,topo,Топ,topp
whole,ganz,tot,entero,ensemble,totale,cały,todo,весь,hela
king,König,rei,rey,Roi,re,król,rei,король,kung
street,Straße,carrer,calle,rue,strada,ulica,rua,улица,gata
inch,Zoll,polzades,pulgada,pouce,pollice,cal,polegada,дюйм,tum
multiply,multiplizieren,multiplicar,multiplicar,multiplier,moltiplicare,zwielokrotniać,multiplicar,умножить,multiplicera
nothing,nichts,res,nada,rien,niente,nic,nada,ничего такого,ingenting
course,Kurs,curs,curso,cours,corso,kurs,curso,курс,kurs
stay,bleibe,quedar,Quédate,rester,restare,zostawać,fique,остаться,stanna kvar
wheel,Rad,roda,rueda,la roue,ruota,koło,roda,рулевое колесо,hjul
full,voll,complet,completo,plein,completo,pełny,cheio,полный,full
force,Macht,força,fuerza,Obliger,forza,zmuszać,força,сила,tvinga
blue,blau,blau,azul,bleu,blu,niebieski,azul,синий,blå
object,Objekt,objecte,objeto,objet,oggetto,obiekt,objeto,объект,objekt
decide,sich entscheiden,decidir,decidir,décider,decidere,zdecydować,decidir,решать,besluta
surface,auftauchen,superfície,superficie,surface,superficie,powierzchnia,superfície,поверхность,yta
deep,tief,profunda,profundo,Profond,profondo,głęboko,profundo,глубокий,djup
moon,Mond,lluna,luna,lune,Luna,księżyc,lua,луна,måne
island,Insel,illa,isla,île,isola,wyspa,ilha,остров,ö
foot,Fuß,peu,pie,le pied,piede,stopa,pé,ступня,fot
system,System,sistema,sistema,système,sistema,system,sistema,система,systemet
busy,belebt,ocupat,ocupado,occupé,occupato,zajęty,ocupado,занятый,upptagen
test,Prüfung,prova,prueba,test,test,test,teste,тест,testa
record,Aufzeichnung,registre,registro,enregistrement,disco,nagrywać,registro,записывать,spela in
boat,Boot,vaixell,barco,bateau,barca,łódź,barco,лодка,båt
common,gemeinsames,comú,común,commun,Comune,wspólny,comum,общий,allmänning
gold,Gold,or,oro,or,oro,złoto,ouro,золото,guld-
possible,möglich,possible,posible,possible,possibile,możliwy,possível,возможный,möjlig
plane,Flugzeug,pla,plano,avion,aereo,samolot,avião,самолет,plan
stead,Statt,lloc,lugar,place,poster,STEAD,lugar,устойчивый,ställe
dry,trocken,seca,seco,sec,asciutto,suchy,seco,сухой,torr
wonder,sich fragen,pregunto,preguntarse,merveille,meraviglia,cud,maravilha,удивляться,undra
laugh,Lachen,riure,risa,rire,ridere,śmiać się,riso,смех,skratt
thousand,tausend,mil,mil,mille,mille,tysiąc,mil,тысяча,tusen
ago,vor,fa,atrás,depuis,fa,temu,atrás,назад,sedan
ran,rannte,córrer,corrió,couru,corse,biegł,correu,пробег,sprang
check,überprüfen,comprovar,controlar,Chèque,dai un'occhiata,sprawdzać,Verifica,Проверьте,kolla upp
game,Spiel,joc,juego,Jeu,gioco,gra,jogos,игра,spel
shape,Form,forma,forma,forme,forma,kształt,forma,форма,form
equate,gleich,equiparar,equiparar,assimiler,equipaggiare,zrównać,igualar,Приравнивание,likställa
hot,heiß,calenta,caliente,chaud,piccante,gorący,quente,горячий,varm
miss,fehlschlagen,senyoreta,señorita,Mademoiselle,Perdere,tęsknić,senhorita,скучать,Fröken
brought,gebracht,portat,trajo,amené,portato,przyniósł,trouxeram,привел,tog med
heat,Wärme,calor,calor,Chauffer,calore,ciepło,aquecer,нагревать,värme
snow,Schnee,neu,nieve,neiger,neve,śnieg,neve,снег,snö
tire,Reifen,pneumàtics,neumático,pneu,pneumatico,opona,pneu,шина,däck
bring,bringen,portar,traer,apporter,portare,przynieść,trazer,приносить,föra
yes,Jawohl,si,sí,oui,sì,tak,sim,да,ja
distant,entfernt,distant,distante,loin,distante,odległy,distante,далекий,avlägsen
fill,füllen,omplir,llenar,remplir,riempire,wypełnić,encher,наполнять,fylla
paint,Farbe,pintar,pintar,Peinture,dipingere,farba,pintar,краска,måla
language,Sprache,idioma,idioma,Langue,linguaggio,język,Língua,язык,språk
among,unter,entre,entre,parmi,fra,wśród,dentre,среди,bland
unit,Einheit,unitat,unidad,unité,unità,jednostka,unidade,Ед изм,enhet
power,Energie,poder,energía,Puissance,potenza,moc,potência,сила,kraft
town,stadt,ciutat,pueblo,ville,cittadina,miasto,Cidade,городок,stad
fine,fein,fina,multa,bien,bene,Cienki,multar,отлично,bra
certain,sicher,certa,cierto,certain,certo,pewny,certo,определенный,vissa
fly,fliegen,volar,volar,mouche,volare,latać,voe,летать,flyga
fall,Herbst,caure,otoño,tomber,autunno,spadek,cair,падение,falla
lead,führen,conduir,Plomo,conduire,piombo,Ołów,conduzir,привести,leda
cry,Schrei,crit,llorar,cri,piangere,płakać,choro,плакать,gråta
dark,dunkel,fosc,oscuro,foncé,scuro,ciemny,Sombrio,темный,mörk
machine,Maschine,màquina,máquina,machine,macchina,maszyna,máquina,машина,maskin
note,Hinweis,nota,Nota,Remarque,Nota,Notatka,Nota,примечание,notera
wait,Warten,esperar,Espere,Attendez,aspettare,czekać,esperar,ждать,vänta
plan,planen,pla,plan,planifier,Piano,plan,plano,план,planen
figure,Zahl,figura,figura,chiffre,figura,postać,figura,фигура,figur
star,Stern,estrella,estrella,étoile,stella,gwiazda,Estrela,звезда,stjärna
box,Kasten,quadre,caja,boîte,scatola,skrzynka,caixa,коробка,låda
noun,Substantiv,substantiu,sustantivo,nom,sostantivo,rzeczownik,substantivo,существительное,substantiv
field,aufstellen,terreny,campo,champ,campo,pole,campo,поле,fält
rest,sich ausruhen,resta,descansar,le repos,riposo,reszta,descanso,отдыхать,resten
correct,Korrekt,correcta,correcto,corriger,corretta,prawidłowy,correto,правильный,korrekt
able,fähig,capaç,poder,pouvoir,capace,zdolny,capaz,способный,duktig
pound,Pfund,lliura,libra,livre,libbra,funt,libra,фунт,pund
done,erledigt,done,hecho,Fini,fatto,Gotowe,feito,Выполнено,Gjort
beauty,Schönheit,bellesa,belleza,beauté,bellezza,piękno,beleza,красота,skönhet
drive,Fahrt,unitat,conducir,conduire,viaggio,prowadzić,dirigir,водить машину,kör
stood,stand,destacat,permaneció,se trouvait,stava in piedi,stał,permaneceu,стоял,stod
contain,enthalten,contenir,contener,contenir,contenere,zawierać,conter,содержать,innehålla
front,Vorderseite,davant,frente,de face,davanti,przód,frente,фронт,främre
teach,unterrichten,ensenyar,enseñar,apprendre,insegnare,uczyć,Ensinar,учить,lära
week,Woche,setmana,semana,la semaine,settimana,tydzień,semana,неделя,vecka
final,Finale,definitiva,final,final,finale,finał,final,финал,slutlig
gave,gab,vadonar,dio,a donné,ha dato,dał,deram,дал,gav av
green,grün,verd,verde,vert,verde,Zielony,verde,зеленый,grön
oh,oh,oh,Oh,oh,oh,oh,oh,ой,åh
quick,schnell,ràpid,rápido,rapide,Presto,szybki,rápido,быстрый,snabbt
develop,sich entwickeln,desenvolupar,desarrollar,développer,sviluppare,rozwijać,desenvolve,развивать,utveckla
ocean,Ozean,oceà,Oceano,océan,oceano,ocean,oceano,океан,hav
warm,warm,calenta,cálido,chaleureuse,caldo,ciepły,caloroso,тепло,värma
free,frei,lliure,libre,libre,gratuito,darmowy,gratuitamente,свободно,fri
minute,Minute,minuts,minuto,minute,minuto,minuta,minuto,минута,minut
strong,stark,fort,fuerte,fort,forte,silny,Forte,сильный,stark
special,Besondere,especial,especial,spécial,speciale,specjalny,especial,специальный,särskild
mind,Geist,ment,mente,dérange,mente,umysł,mente,разум,sinne
behind,hinter,darrere,detrás,derrière,dietro,za,atras do,позади,Bakom
clear,klar,clar,claro,dégager,chiaro,jasne,Claro,Чисто,klar
tail,Schwanz,cua,cola,queue,coda,ogon,rabo,хвост,svans
produce,produzieren,produeix,producir,produire,produrre,produkować,produzir,производить,producera
fact,Tatsache,fet,hecho,fait,fatto,fakt,facto,факт,faktum
space,Platz,espai,espacio,espace,spazio,przestrzeń,espaço,пространство,Plats
heard,gehört,sentit,Escuchó,entendu,sentito,usłyszał,ouviu,слышал,hörd
best,Beste,millor,mejor,meilleur,migliore,Najlepsza,melhor,Лучший,bäst
hour,Stunde,hores,hora,heure,ora,godzina,hora,час,timme
better,besser,millor,mejor,meilleur,meglio,lepiej,Melhor,лучше,bättre
TRUE,STIMMT,cert,CIERTO,vrai,VERO,PRAWDA,VERDADE,ПРАВДА,SANN
during,während,durant,durante,durant,in occasione,w trakcie,durante,в течение,under
hundred,hundert,cent,ciento,cent,centinaio,sto,centenas,сотня,hundra
five,fünf,llit,cinco,cinq,cinque,pięć,cinco,пять,fem
remember,denken Sie daran,recordar,recuerda,rappelles toi,ricordare,Zapamiętaj,lembrar,запомнить,kom ihåg
step,Schritt,pas,paso,marcher,fare un passo,krok,degrau,шаг,steg
early,frühzeitig,primerenca,temprano,tôt,presto,wczesny,cedo,рано,tidigt
hold,halt,mantenir,mantener,tenir,presa,utrzymać,aguarde,держать,håll
west,Westen,oest,Oeste,Ouest,ovest,Zachód,Oeste,западный,väst
ground,Boden,sòl,terrestre,terrain,terra,grunt,chão,земля,jord
interest,Interesse,interès,interés,intérêt,interesse,odsetki,interesse,интерес,intressera
reach,erreichen,arribar,alcanzar,atteindre,portata,zasięg,alcançar,достигать,nå
fast,schnell,ràpid,rápido,vite,veloce,szybki,velozes,быстро,snabb
verb,Verb,verb,verbo,verbe,verbo,czasownik,verbo,глагол,verb
sing,singen,cantar,cantar,chanter,cantare,śpiewać,canta,петь,sjunga
listen,Hören,escoltar,escuchar,Ecoutez,ascoltare,słuchać,ouço,Слушать,lyssna
six,sechs,passeig,seis,six,sei,sześć,seis,шесть,sex
table,Tisch,taula,mesa,table,tavolo,stół,tabela,стол,tabell
travel,reisen,viatges,viajar,voyager,viaggiare,podróż,viagem,путешествовать,resa
less,weniger,menys,menos,moins,meno,mniej,menos,меньше,mindre
morning,Morgen,demà,Mañana,Matin,mattina,rano,manhã,утро,morgon-
ten,zehn,estrany,diez,Dix,dieci,dziesięć,dez,десять,tio
simple,einfach,simple,simple,Facile,semplice,prosty,simples,просто,enkel
several,mehrere,diversos,varios,plusieurs,parecchi,kilka,de várias,несколько,flera
vowel,Vokal,vocal,vocal,voyelle,vocale,samogłoska,vogal,гласный звук,vokal
toward,zu,cap,hacia,vers,verso,w kierunku,na direção,к,mot
war,Krieg,guerra,guerra,guerre,guerra,wojna,guerra,война,krig
lay,legen,establir,poner,allonger,posizione,kłaść,colocar,класть,lägga
against,gegen,contra,contra,contre,contro,przeciwko,contra,против,mot
pattern,Muster,patró,patrón,motif,modello,wzorzec,padronizar,шаблон,mönster
slow,langsam,lenta,lento,lent,Lento,wolny,lento,медленный,långsam
center,Center,centre,centro,centre,centro,środek,Centro,центр,Centrum
love,Liebe,estimar,amor,aimer,amore,kocham,amor,любовь,kärlek
person,Person,persona,persona,la personne,persona,osoba,pessoa,человек,person
money,Geld,diners,dinero,argent,i soldi,pieniądze,dinheiro,Деньги,pengar
serve,Dienen,servir,atender,servez,servire,obsługiwać,servir,обслуживать,tjäna
appear,erscheinen,apareixerà,Aparecer,apparaître,apparire,pojawić się,aparecer,появляться,dyka upp
road,Straße,carretera,la carretera,route,strada,droga,estrada,Дорога,väg
map,Karte,mapa,mapa,carte,carta geografica,mapa,mapa,карта,Karta
rain,Regen,pluja,lluvia,pluie,piovere,deszcz,chuva,дождь,regn
rule,Regel,regla,regla,régner,regola,reguła,regra,правило,regel
govern,regieren,governar,regir,gouverne,governare,rządzić,governo,управляющий,styra
pull,ziehen,halar,jalar,tirer,tiro,ciągnąć,puxar,тянуть,dra
cold,kalt,fred,frío,froid,freddo,przeziębienie,resfriado,холодно,kall
notice,Notiz,avís,aviso,remarquer,Avviso,zauważyć,perceber,уведомление,lägga märke till
voice,Stimme,veu,voz,voix,voce,głos,voz,голос,röst
energy,Energie,energia,energía,énergie,energia,energia,energia,энергия,energi
hunt,Jagd,caça,caza,chasse,caccia,polowanie,caçar,охотиться,jaga
probable,wahrscheinlich,probable,probable,probable,probabile,prawdopodobny,provável,Вероятный,sannolik
bed,Bett,llit,cama,lit,letto,łóżko,cama,кровать,säng
brother,Bruder,germà,hermano,frère,fratello,brat,irmão,брат,bror
egg,Ei,ou,huevo,Oeuf,uovo,jajko,ovo,яйцо,ägg
ride,Reiten,passeig,conducir,balade,giro,jeździć,passeio,поездка,rida
cell,Zelle,cellular,célula,cellule,cellula,komórka,célula,клетка,cell
believe,glauben,creure,creer,croire,ritenere,uważać,acreditam,полагать,tro
perhaps,vielleicht,potser,quizás,peut-être,forse,być może,talvez,возможно,kanske
pick,wählen,recollir,elegir,prendre,scegliere,wybierać,escolha,выбирать,plocka
sudden,plötzlich,sobtada,repentino,soudain,improvviso,nagły,repentino,внезапный,plötslig
count,zählen,comptar,contar,compter,contare,liczyć,contar,считать,räkna
square,Quadrat,plaça,cuadrado,carré,quadrato,kwadrat,quadrado,площадь,fyrkant
reason,Grund,raó,razón,raison,Motivo,powód,razão,причина,anledning
length,Länge,longitud,longitud,longueur,lunghezza,długość,comprimento,длина,längd
represent,vertreten,representar,representar,représenter,rappresentare,przedstawiać,representar,представлять,representera
art,Kunst,art,Arte,art,arte,sztuka,arte,искусство,konst
subject,Thema,subjecte,tema,matière,materia,Przedmiot,sujeito,предмет,ämne
region,Region,regió,región,Région,regione,region,região,область,område
size,Größe,mida,Talla,Taille,taglia,rozmiar,Tamanho,размер,storlek
vary,variieren,variar,variar,varier,variare,różnić się,variar,отличаться,variera
settle,siedeln,resoldre,asentarse,régler,fissare,rozstrzygnąć,resolver,решить,bosätta sig
speak,sprechen,parlar,hablar,parler,parlare,mówić,falar,говорить,tala
weight,Gewicht,pes,peso,lester,il peso,waga,peso,масса,vikt
general,Allgemeines,engeneral,general,général,generale,ogólny,em geral,Генеральная,allmän
ice,Eis,gel,hielo,la glace,Ghiaccio,lód,gelo,лед,is
matter,Angelegenheit,qüestió,asunto,question,importa,materiał,matéria,иметь значение,materia
circle,Kreis,cercle,circulo,cercle,cerchio,okrąg,círculo,круг,cirkel
pair,Paar,parell,par,paire,coppia,para,par,пара,par
include,enthalten,incloure,incluir,comprendre,includere,włączać,incluir,включают,omfatta
divide,teilen,bretxa,dividir,diviser,dividere,dzielić,dividir,разделять,dela upp
syllable,Silbe,síl·laba,sílaba,syllabe,sillaba,sylaba,sílaba,слог,stavelse
felt,fühlte,sentit,sintió,feutre,provato,filc,sentiu,чувствовала,känt
grand,Grand,grand,grandioso,grandiose,mille dollari,wielki,grande,гранд,stor
ball,Ball,bola,pelota,Balle,sfera,piłka,bola,мяч,boll
yet,noch,encara,aún,encore,ancora,już,ainda,пока что,än
wave,Welle,onada,ola,vague,onda,fala,aceno,волна,Vinka
drop,fallen,caure,soltar,goutte,far cadere,upuszczać,derrubar,уронить,släppa
heart,Herz,cor,corazón,cœur,cuore,serce,coração,сердце,hjärta
am,bin,am,soy,un m,sono,jestem  ,sou,являюсь,Jag är
present,gegenwärtig,aquest,presente,cadeau,regalo,teraźniejszość,presente,подарок,närvarande
heavy,schwer,pesada,pesado,lourd,pesante,ciężki,pesado,тяжелый,tung
dance,tanzen,dansa,baile,Danse,danza,taniec,dança,танец,dansa
engine,Motor,motor,motor,moteur,motore,silnik,motor,двигатель,motor
position,Position,posició,posición,position,posizione,pozycja,posição,должность,placera
arm,Arm,braç,brazo,bras,braccio,ramię,braço,рука,ärm
wide,breit,àmplia,amplio,large,largo,szeroki,largo,широкий,bred
sail,Segel,vela,navegar,naviguer,navigare,żagiel,velejar,плыть,segla
material,Material,materials,material,Matériel,Materiale,materiał,material,материал,material
fraction,Fraktion,fracció,fracción,fraction,frazione,frakcja,fração,дробная часть,fraktion
forest,Wald,bosc,bosque,forêt,foresta,las,floresta,лес,skog
sit,mach Sitz,seure,sentar,asseoir,sedersi,siedzieć,sentar,сидеть,sitta
race,Rennen,carrera,la raza,course,gara,Wyścig,corrida,гонка,lopp
window,Fenster,finestra,ventana,la fenêtre,finestra,okno,janela,окно,fönster
store,Laden,botiga,Tienda,boutique,negozio,sklep,armazenar,хранить,Lagra
summer,Sommer,estiu,el verano,été,estate,lato,verão,лето,sommar
train,Zug,tren,tren,former,treno,pociąg,Comboio,тренироваться,tåg
sleep,schlafen,somni,dormir,dormir,dormire,spać,dorme,спать,sova
prove,beweisen,demostrar,demostrar,prouver,dimostrare,udowodnić,provar,доказывать,bevisa
lone,einsam,solitari,solitario,seul,solitario,samotny,solitário,одинокий,ensam
leg,Bein,cama,pierna,jambe,gamba,noga,perna,нога,ben
exercise,Übung,exercici,ejercicio,exercer,esercizio,ćwiczenie,exercício,упражнение,träning
wall,Mauer,paret,pared,mur,parete,Ściana,muro,стена,vägg
catch,Fang,captures,captura,attraper,presa,złapać,truque,ловить,fånga
mount,montieren,muntatge,montar,monter,montare,uchwyt,montar,устанавливать,montera
wish,Wunsch,desitjos,deseo,souhaiter,desiderio,życzenie,desejar,желание,önskar
sky,Himmel,cel,cielo,ciel,cielo,niebo,céu,небо,himmel
board,Tafel,bord,junta,planche,asse,tablica,quadro,доска,styrelse
joy,Freude,alegria,alegría,joie,la gioia,radość,alegria,радость,glädje
winter,Winter,hivern,invierno,l'hiver,inverno,zima,inverno,зима,vinter-
sat,Sa,sat,se sentó,assis,sab,Sat,sentado,сидел,sat
written,geschrieben,escrit,escrito,écrit,scritto,pisemny,escrito,написано,skriven
wild,wild,salvatge,salvaje,sauvage,selvaggio,dziki,selvagem,дикий,vild
instrument,Instrument,instrument,instrumento,instrument,strumento,instrument,instrumento,инструмент,instrument
kept,gehalten,guardat,mantuvo,gardé,tenuto,trzymane,mantido,сохраняется,hållen
glass,Glas,vidre,vidrio,verre,bicchiere,szkło,vidro,стакан,glas
grass,Gras,herba,césped,herbe,erba,trawa,Relva,трава,gräs
cow,Kuh,vaca,vaca,vache,mucca,krowa,vaca,корова,ko
job,Arbeit,treball,trabajo,travail,lavoro,stanowisko,trabalho,работа,jobb
edge,Kante,vora,borde,bord,bordo,Brzeg,borda,край,kant
sign,Schild,signe,señal,pancarte,cartello,podpisać,sinal,знак,tecken
visit,Besuch,visita,visitar,visite,visitare,wizyta,Visita,посещать,besök
past,vorbei an,passat,pasado,passé,passato,po,passado,мимо,dåtid
soft,Sanft,suau,suave,tendre,morbido,miękki,suave,мягкий,mjuk
fun,Spaß,diversió,divertida,amusement,divertimento,zabawa,Diversão,весело,roligt
bright,hell,brillant,brillante,brillant,luminosa,jasny,brilhante,яркий,ljus
gas,Gas,gas,gas,gaz,gas,gaz,gás,газ,gas
weather,Wetter,temps,clima,Météo,tempo atmosferico,pogoda,tempo,погода,väder
month,Monat,mes,mes,mois,mese,miesiąc,mês,месяц,månad
million,Million,milions,millón,million,milione,milion,milhão,миллион,miljon
bear,Bär,suportar,llevar,ours,orso,niedźwiedź,urso,медведь,Björn
finish,Fertig,acabat,finalizar,terminer,finire,koniec,Finalizar,финиш,Avsluta
happy,glücklich,feliç,contento,heureux,felice,szczęśliwy,feliz,счастливый,Lycklig
hope,Hoffnung,espere,esperar,espoir,speranza,nadzieja,ter esperança,надеяться,hoppas
flower,Blume,flor,flor,fleur,fiore,kwiat,flor,цветок,blomma
clothe,kleiden,vestir,vestir,vêtir,vestito,odziać,vestir,одеял,kläda
strange,seltsam,estrany,extraño,étrange,strano,dziwny,estranho,странный,konstig
gone,Weg,anat,desaparecido,disparu,andato,odszedł,se foi,прошло,borta
trade,handeln,comerç,comercio,Commerce,commercio,handel,troca,торговля,handel
melody,Melodie,melodia,melodía,mélodie,melodia,melodia,melodia,мелодия,melodi
trip,Reise,viatge,viaje,voyage,viaggio,wycieczka,viagem,путешествие,resa
office,Büro,oficina,oficina,Bureau,ufficio,gabinet,escritório,офис,kontor
receive,erhalten,rebre,recibir,recevoir,ricevere,odbierać,receber,Получать,motta
row,die Zeile,fila,fila,ligne,riga,wiersz,fileira,строка,rad
mouth,Mund,boca,boca,bouche,bocca,usta,boca,рот,mun
exact,genau,exacta,exacto,exact,esatto,dokładny,exato,точный,exakt
symbol,Symbol,símbol,símbolo,symbole,simbolo,symbol,símbolo,символ,symbol
die,sterben,morir,morir,mourir,morire,umierać,morrer,умереть,dö
least,am wenigsten,menys,el menos,moins,meno,najmniej,ao menos,наименее,minst
trouble,Problem,problemes,problema,difficulté,problemi,kłopot,problema,беда,problem
shout,schreien,crit,grito,cri,gridare o urlare,krzyczeć,gritar,кричать,skrika
except,außer,excepte,excepto,à l'exception,tranne,oprócz,exceto,кроме,bortsett från
wrote,schrieb,escriure,escribió,a écrit,ha scritto,napisał,escreveu,написал,skrev
seed,Samen,llavors,semilla,planter,seme,nasionko,semente,семя,utsäde
tone,Ton,to,tono,Ton,tono,ton,tom,тон,tona
join,beitreten,unir-se,unirse,rejoindre,giuntura,Przystąp,Junte,присоединиться,Ansluta sig
suggest,empfehlen,suggerir,sugerir,suggérer,suggerire,sugerować,sugerir,предложить,föreslå
clean,sauber,neta,limpio,nettoyer,pulire,czysty,limpar,чистый,rena
break,Unterbrechung,ruptura,descanso,Pause,rompere,przerwanie,parar,ломать,ha sönder
lady,Dame,dama,dama,la demoiselle,signora,dama,senhora,леди,lady
yard,Hof,pati,yarda,cour,cortile,dziedziniec,Jardim,площадка,gård
rise,Aufstieg,augmentant,elevar,monter,salita,wzrastać,subir,подниматься,stiga
bad,Schlecht,dolent,malo,mal,cattivo,zły,mau,Плохо,dålig
blow,Schlag,cop,explotar,souffler,soffio,cios,golpe,дуть,blåsa
oil,Öl,oli,aceite,pétrole,olio,olej,óleo,масло,olja
blood,Blut,sang,sangre,du sang,sangue,krew,sangue,кровь,blod
touch,berühren,tocar,tocar,toucher,tocco,dotykać,toque,трогать,Rör
grew,wuchs,créixer,creció,faire grandir,è cresciuto,dorastał,cresceu,вырос,växte
cent,Cent,cent,centavo,cent,cent,cent,cent,цент,cent
mix,mischen,barrejar,mezcla,mélanger,mescolare,mieszać,misturar,смешивание,blanda
team,Mannschaft,equip,equipo,équipe,squadra,zespół,equipe,команда,team
wire,Kabel,filferro,cable,fil,filo,drut,arame,провод,tråd
cost,kosten,cost,costo,Coût,costo,koszt,custo,Стоимость,kosta
lost,verirrt,perdut,perdió,perdu,perduto,Stracony,perdido,потерял,förlorat
brown,braun,brown,marrón,brun,Marrone,brązowy,Castanho,коричневый,brun
wear,tragen,desgast,tener puesto,usure,indossare,nosić ,vestem,носить,ha på sig
garden,Garten,jardí,jardín,jardin,giardino,ogród,jardim,сад,trädgård
equal,gleich,igual,igual,égal,pari,równy,igual,равный,likvärdig
sent,gesendet,enviat,enviado,expédié,spedito,wysłano,enviado,послал,skickad
choose,wählen,triar,elegir,choisir,scegliere,wybierać,escolher,выбирать,välja
fell,fiel,caure,cayó,abattre,caduto,spadł,caiu,упал,föll
fit,fit,encaixar,adaptar,adapter,in forma,pasować,em forma,поместиться,passa
flow,fließen,fluir,caudal,couler,fluire,pływ,fluxo,поток,flöde
fair,Messe,just,justa,équitable,giusto,sprawiedliwy,feira,справедливый,rättvis
bank,Bank,banc,banco,banque,banca,Bank,banco,банк,Bank
collect,sammeln,recollir,recoger,recueillir,raccogliere,zebrać,coletar,собирать,samla
save,sparen,guardar,ahorrar,enregistrer,Salva,ratować,Salve ,спасти,spara
decimal,Dezimal,decimal,decimal,décimal,decimale,dziesiętny,decimal,десятичный,decimal-
ear,Ohr,sentit,oído,oreille,orecchio,ucho,orelha,ухо,öra
else,anders,altres,más,autre,altro,w przeciwnym razie,senão,еще,annan
quite,ziemlich,bastant,bastante,assez,piuttosto,całkiem,bastante,довольно,ganska
broke,Pleite,trencar,rompió,cassé,rotto,zepsuł się,quebrou,сломанный,pank
case,Fall,cas,caso,Cas,Astuccio,walizka,caso,кейс,fall
middle,Mitte,mitjà,medio,milieu,mezzo,środek,meio,середина,mitten
kill,töten,matar,matar,tuer,uccisione,zabić,matar,убийство,döda
son,Sohn,fill,hijo,fils,figlio,syn,filho,сын,son
lake,See,llac,lago,Lac,lago,jezioro,lago,озеро,sjö
moment,Moment,moment,momento,moment,momento,za chwilę,momento,мгновенный,ögonblick
scale,Skala,escala,escala,échelle,scala,skala,escala,шкала,skala
loud,laut,veualta,alto,fort,ad alta voce,głośno,alto,громкий,högt
spring,Frühling,primavera,primavera,le printemps,molla,wiosna,primavera,весна,vår
observe,beobachten,observar,observar,observer,osservare,przestrzegać,observar,наблюдать,observera
child,Kind,nen,niño,enfant,bambino,dziecko,filho,ребенок,barn
straight,gerade,recta,directo,droit,dritto,proste,direto,прямой,hetero
consonant,Konsonant,consonant,consonante,consonne,consonante,spółgłoska,consoante,согласный,konsonant
nation,Nation,nació,nación,nation,nazione,naród,nação,нация,nation
dictionary,Wörterbuch,diccionari,diccionario,dictionnaire,dizionario,słownik,dicionário,толковый словарь,lexikon
milk,Milch,llet,Leche,Le Lait,latte,mleko,leite,молоко,mjölk
speed,Geschwindigkeit,velocitat,velocidad,la rapidité,velocità,prędkość,Rapidez,скорость,fart
method,Methode,mètode,método,méthode,metodo,metoda,método,метод,metod
organ,Organ,òrgan,Organo,organe,organo,organ,órgão,орган,organ
pay,Zahlen,pagar,pagar,Payer,pagare,płacić,pagar,платить,betala
age,das Alter,edat,años,âge,età,wiek,era,возраст,ålder
section,Sektion,secció,sección,section,sezione,Sekcja,seção,раздел,sektion
dress,Kleid,vestit,vestir,robe,vestire,sukienka,vestir,платье,klänning
cloud,Wolke,núvol,nube,nuage,nube,Chmura,nuvem,облако,moln
surprise,Überraschung,sorpresa,sorpresa,surprendre,sorpresa,niespodzianka,surpresa,Сюрприз,överraskning
quiet,ruhig,tranquil,tranquilo,calme,silenzioso,cichy,tranquilo,тихо,tyst
stone,Stein,pedra,piedra,pierre,calcolo,złóg,pedra,камень,sten
tiny,sehr klein,petit,diminuto,minuscule,minuscolo,malutki,minúsculo,крошечный,mycket liten
climb,steigen,ascens,subida,monter,salita,wspinać się,escalar,взбираться,klättra
cool,Kalt,fresc,Frío,cool,freddo,Fajny,legal,Круто,Häftigt
design,Entwurf,disseny,diseño,motif,disegno,projekt,Projeto,дизайн,design
poor,Arm,pobres,pobre,pauvre,povero,słaby,pobre,бедный,fattig
lot,viel,molt,lote,parcelle,quantità,działka,muito,много,massa
experiment,Experiment,experiment,experimento,expérience,sperimentare,eksperyment,experimentar,эксперимент,experimentera
bottom,Unterseite,inferior,abajo,fond,parte inferiore,na dole,fundo,нижний,botten
key,Schlüssel,clau,llave,clé,chiave,klucz,chave,ключ,nyckel-
iron,Eisen,ferro,planchar,le fer,ferro da stiro,żelazo,ferro,утюг,järn
single,Single,sola,único,Célibataire,separare,pojedynczy,solteiro,не замужем,enda
stick,Stock,pal,palo,coller,bastone,stick,grudar,палка,pinne
flat,eben,plana,plano,appartement,piatto,mieszkanie,apartamento,плоский,platt
twenty,zwanzig,vint,veinte,vingt,venti,dwadzieścia,vinte,двадцать,tjugo
skin,Haut,pell,piel,peau,pelle,skóra,pele,кожа,hud
smile,lächeln,somriure,sonreír,le sourire,Sorridi,uśmiech,sorriso,улыбка,leende
crease,Falte,plec,pliegue,pli,piega,marszczyć,vinco,складка,veck
hole,Loch,forat,agujero,trou,buco,otwór,buraco,отверстие,hål
jump,springen,saltar,salto,saut,salto,skok,pular,Прыжок,hoppa
baby,Baby,nadó,bebé,bébé,bambino,Dziecko,bebê,малыш,bebis
eight,acht,tipus,ocho,huit,otto,osiem,oito,восемь,åtta
village,Dorf,poble,aldea,village,villaggio,wieś,Vila,деревня,by
meet,Treffen,reuneixen,reunir,rencontrer,incontrare,spotykać się,encontrar,встретиться,träffa
root,Wurzel,arrel,raíz,racine,radice,źródło,raiz,корень,rot
buy,Kaufen,comprar,comprar,acheter,acquistare,Kup,Comprar,купить,köpa
raise,heben,augmentar,elevar,soulever,aumentare,podnieść,levantar,поднимать,höja
solve,lösen,resoldre,resolver,résoudre,risolvere,rozwiązywać,resolver,решать,lösa
metal,Metall,metall,metal,métal,metallo,metal,metal,металл,metall
whether,ob,si,ya sea,qu'il s'agisse,se,czy,se,будь то,huruvida
push,drücken,empènyer,empujar,pousser,spingere,naciskać,Empurre,толкать,tryck
seven,Sieben,caràcter,Siete,Sept,Sette,siedem,Sete,Семь,sju
paragraph,Absatz,paràgraf,párrafo,paragraphe,paragrafo,ustęp,parágrafo,параграф,paragraf
third,dritte,tercer,tercera,troisième,Terzo,trzeci,terceiro,в третьих,tredje
shall,soll,haurà,deberá,devoir,deve,być,deve,должен,skall
held,gehaltenen,held,retenida,tenu,tenuto,trzymany,guardado,проводится,hållen
hair,Haar,pèl,pelo,Cheveu,capelli,włosy,cabelo,волосы,hår
describe,beschreiben,descriure,describir,décris,descrivere,opisać,descrever,описывать,beskriva
cook,Koch,cuiner,cocinero,cuisinier,cucinare,gotować,cozinheiro,готовить пищу,laga mat
floor,Boden,pis,piso,sol,pavimento,piętro,piso,пол,golv
either,entweder,sigui,o,Soit,o,zarówno,qualquer,либо,antingen
result,Ergebnis,resultat,resultado,résultat,risultato,wynik,resultado,результат,resultat
burn,brennen,cremar,quemar,brûler,bruciare,oparzenie,queimar,гореть,bränna
hill,hügel,turó,Cerro,colline,collina,wzgórze,colina,холм,kulle
safe,sicher,segur,seguro,sûr,sicuro,bezpieczny,seguro,Безопасно,säker
cat,Katze,cat,gato,chat,gatto,kot,gato,кошка,katt
century,Jahrhundert,segle,siglo,siècle,secolo,wiek,século,век,århundrade
consider,Erwägen,considerar,considerar,envisager,ritenere,rozważać,considerar,рассмотреть возможность,överväga
type,Typ,tipus,escribe,taper,genere,rodzaj,modelo,тип,typ
law,Gesetz,llei,ley,droit,legge,prawo,lei,закон,lag
bit,bisschen,bit,un poco,bit,morso,fragment,pedaço,кусочек,bit
coast,Küste,costa,costa,côte,costa,Wybrzeże,costa,морской берег,kust
copy,Kopieren,còpia,Copiar,copie,copia,Kopiuj,cópia de,копия,kopiera
phrase,Phrase,frase,frase,phrase,frase,wyrażenie,frase,фраза,fras
silent,Leise,silenci,silencioso,silencieux,silenzioso,cichy,silencioso,тихий,tyst
tall,hoch,altura,alto,haut,alto,wysoki,alta,высокий,lång
sand,Sand,sorra,arena,le sable,sabbia,piasek,areia,песок,sand
soil,Boden,sòl,suelo,sol,suolo,gleba,solo,почвы,jord
roll,rollen,rotllo,rodar,rouleau,rotolo,rolka,lista,рулон,rulla
temperature,Temperatur,temperatura,la temperatura,Température,temperatura,temperatura,temperatura,температура,temperatur
finger,Finger,dit,dedo,doigt,dito,palec,dedo,Палец,finger
industry,Industrie,indústria,industria,industrie,industria,przemysł,indústria,промышленность,industri
value,Wert,valor,valor,évaluer,valore,wartość,valor,ценность,värde
fight,Kampf,lluita,lucha,lutte,combattere,walka,lutar,Борьба,bekämpa
lie,Lüge,mentida,mentir,mentir,menzogna,kłamstwo,mentira,ложь,lögn
beat,schlagen,batre,derrotar,battre,colpo,bić,bater,бить,slå
excite,begeistern,excitar,excitar,exciter,eccitare,podniecać,excitar,волновать,excitera
natural,natürlich,naturals,natural,Naturel,naturale,naturalny,natural,естественный,naturlig
view,Aussicht,vista,vista,voir,Visualizza,pogląd,Visão,Посмотреть,se
sense,Sinn,sentit,sentido,sens,senso,sens,senso,смысл,känsla
chair,Stuhl,cadira,silla,chaise,sedia,krzesło,cadeira,стул,stol
danger,Achtung,perill,peligro,danger,Pericolo,zagrożenie,perigo,Опасность,fara
fruit,Obst,fruita,Fruta,fruit,frutta,owoc,fruta,фрукты,frukt
rich,Reich,rica,rico,riche,ricco,bogaty,rico,богатый,rik
thick,dick,gruix,grueso,épais,spesso,gruby,espesso,толстый,tjock
soldier,Soldat,soldat,soldado,soldat,soldato,żołnierz,soldado,солдат,soldat
process,Prozess,procés,proceso,traiter,processi,proces,processo,процесс,bearbeta
operate,arbeiten,operar,funcionar,fonctionner,operare,obsługiwać,operar,работать,fungera
practice,trainieren,pràctica,práctica,pratique,la pratica,ćwiczyć,prática,упражняться,öva
separate,getrennt,separada,separado,séparé,separato,oddzielny,separado,отдельный,separat
difficult,schwierig,difícil,difícil,difficile,difficile,trudny,difícil,сложно,svår
doctor,Arzt,metge,médico,docteur,medico,lekarz,médico,доктор,läkare
please,bitte,plau,por favor,s'il vous plaît,per favore,Proszę,por favor,пожалуйста,snälla du
protect,beschützen,protegir,proteger,protéger,proteggere,chronić,proteger,защищать,skydda
noon,Mittag,migdia,mediodía,midi,mezzogiorno,południe,meio-dia,полдень,middag
crop,Ernte,cultius,cultivo,recadrer,Ritaglia,przyciąć,colheita,обрезать,beskära
modern,modern,moderna,moderno,moderne,moderno,nowoczesny,moderno,современный,modern
element,Element,element,elemento,élément,elemento,element,elemento,элемент,element
hit,Schlag,colpejar,pegar,succès,colpo,uderzyć,acertar,хит,träffa
student,Schüler,estudiant,alumno,étudiant,alunno,student,aluna,ученик,studerande
corner,Ecke,cantonada,esquina,coin,angolo,narożnik,canto,угол,hörn
party,Party,partit,fiesta,faire la fête,festa,przyjęcie,Festa,партия,fest
supply,liefern,subministrament,suministro,la fourniture,la fornitura,dostarczać,fornecer,поставлять,tillförsel
whose,Deren,el,cuyo,à qui,il cui,którego,de quem,чья,vars
locate,Lokalisieren,localitzar,localizar,Localiser,individuare,Znajdź,localizar,найти,lokalisera
ring,Ring,anell,anillo,bague,squillo,dzwonić,anel,звенеть,ringa
character,Charakter,caràcter,personaje,personnage,carattere,postać,personagem,персонаж,karaktär
insect,Insekt,insectes,insecto,insecte,insetto,owad,inseto,насекомое,insekt
caught,erwischt,capturat,capturado,attrapé,catturato,złapany,apanhado,пойманный,fångad
period,Zeitraum,període,período,période,periodo,Kropka,período,период,period
indicate,angeben,indicar,indicar,indiquer,indicare,wskazać,indicar,указывать,ange
radio,Radio,ràdio,radio,radio,Radio,radio,rádio,радио,radio
spoke,gesprochen,parlar,habló,parlait,ha parlato,przemówił,falou,говорил,eker
atom,Atom,àtom,átomo,atome,atomo,atom,átomo,атом,atom
human,Mensch,humà,humano,Humain,umano,człowiek,humano,человек,mänsklig
history,Geschichte,història,historia,l'histoire,storia,historia,história,история,historia
effect,Wirkung,efecte,efecto,effet,effetto,efekt,efeito,эффект,effekt
electric,elektrisch,elèctrica,eléctrico,électrique,elettrico,elektryczny,elétrico,электрический,elektrisk
expect,erwarten von,esperar,suponer,attendre,aspettare,oczekiwać,Espero,ожидать,förvänta
bone,Knochen,os,hueso,os,osso,kość,osso,кость,ben
rail,Schiene,ferrocarril,carril,rail,rotaia,szyna,trilho,железнодорожный,järnväg
imagine,vorstellen,imaginar,imaginar,imaginer,immaginare,wyobrażać sobie,Imagine,представить,tänka
provide,zur Verfügung stellen,proporcionar,proveer,apporter,fornire,dostarczać,providenciar,предоставлять,förse
agree,zustimmen,acord,aceptar,Je suis d'accord,essere d'accordo,Zgodzić się,aceita,соглашаться,hålla med
thus,daher,pertant,de este modo,Donc,così,zatem,portanto,таким образом,Således
gentle,sanft,suau,amable,doux,gentile,delikatny,□ Gentil,нежный,mild
woman,Frau,dona,mujer,femme,donna,kobieta,mulher,женщина,kvinna
captain,Kapitän,capità,capitán,capitaine,Capitano,kapitan,capitão,капитан,kapten
guess,erraten,endevinar,adivinar,deviner,indovinare,zgadywać,acho,предполагать,gissa
necessary,notwendig,necessari,necesario,nécessaire,necessario,niezbędny,necessário,необходимый,nödvändig
sharp,Scharf,agut,agudo,tranchant,affilato,ostry,afiado,острый,skarp
wing,Flügel,ala,ala,aile,ala,skrzydło,asa,крыло,vinge
create,schaffen,crear,crear,créer,creare,Stwórz,crio,Создайте,skapa
neighbor,Nachbar,veí,Vecino,voisine,vicino di casa,sąsiad,vizinho,сосед,granne
wash,waschen,rentat,lavar,lavage,lavare,myć się,lavagem,мыть,tvätta
bat,Schläger,bat,murciélago,chauve souris,pipistrello,nietoperz,bastão,летучая мышь,fladdermus
rather,eher,lloc,bastante,plutôt,piuttosto,raczej,em vez de,скорее,snarare
crowd,Menge,multitud,multitud,foule,folla,tłum,multidão,толпа,folkmassan
corn,Mais,blatdemoro,maíz,maïs,Mais,kukurydza,milho,кукуруза,majs
compare,vergleichen,comparar,comparar,comparer,confrontare,porównywać,comparar,сравнивать,jämföra
poem,Gedicht,poema,poema,poème,poesia,wiersz,poema,стих,dikt
string,Saite,string,cuerda,chaîne de caractères,corda,strunowy,corda,нить,sträng
bell,Glocke,campana,campana,cloche,campana,dzwon,Sino,колокол,klocka
depend,abhängen,dependrà,depender,dépendre,dipendere,zależeć,depender,зависеть,bero
meat,Fleisch,carn,carne,Viande,la carne,mięso,eu no,мясо,kött
rub,reiben,rub,frotar,frotter,strofinare,pocierać,esfregar,натирать,gnugga
tube,Rohr,tub,tubo,tube,tubo,rura,tubo,трубка,rör
famous,berühmt,famosa,famoso,célèbre,famoso,słynny,famoso,известный,känd
dollar,Dollar,dòlar,dólar,dollar,dollaro,dolar,dólar,доллар,dollar
stream,Strom,corrent,corriente,flux,flusso,strumień,fluxo,ручей,ström
fear,Furcht,por,miedo,craindre,paura,strach,temer,страх,rädsla
sight,Sicht,vista,visión,vue,vista,widok,visão,зрение,syn
thin,dünn,prima,delgada,mince,sottile,cienki,fino,тонкий,tunn
triangle,Dreieck,triangle,triángulo,Triangle,triangolo,trójkąt,triângulo,треугольник,triangel
planet,Planet,planeta,planeta,planète,pianeta,planeta,planeta,планета,planet
hurry,sich beeilen,pressa,apuro,dépêche toi,fretta,spieszyć się,pressa,торопиться,skynda
chief,Chef,cap,jefe,chef,capo,szef,chefe,главный,chef
colony,Kolonie,colònia,colonia,colonie,colonia,kolonia,colônia,колония,koloni
clock,Uhr,rellotge,reloj,l'horloge,orologio,zegar,relógio,Часы,klocka
mine,Mine,mina,mía,mien,il mio,moje,minha,мой,mina
tie,binden,empat,Corbata,cravate,legare,krawat,gravata,галстук,slips
enter,Eintreten,entrar,ingresar,Entrer,accedere,wejść,digitar,войти,stiga på
major,Haupt,important,importante,Majeur,principale,poważny,formar-se,главный,större
fresh,frisch,fresc,nuevo,Frais,fresco,świeży,fresco,свежий,färsk
search,Suche,cerca,búsqueda,chercher,ricerca,Szukaj,procurar,поиск,Sök
send,senden,enviar,enviar,envoyer,inviare,wysłać,mandar,Отправить,skicka
yellow,gelb,groc,amarillo,jaune,giallo,żółty,amarelo,желтый,gul
gun,Pistole,arma,pistola,pistolet,pistola,pistolet,arma de fogo,пистолет,pistol
allow,ermöglichen,permetre,permitir,Autoriser,permettere,umożliwić,permitir,разрешать,tillåta
print,drucken,print,impresión,imprimer,Stampa,wydrukować,imprimir,Распечатать,skriva ut
dead,tot,morts,muerto,morte,morto,nie żyje,morto,мертвых,död
spot,Stelle,lloc,lugar,endroit,macchiare,miejsce,ver,место,fläck
desert,Wüste,desert,Desierto,désert,deserto,pustynia,deserto,пустыня,öken-
suit,passen,vestit,traje,costume,completo da uomo,garnitur,Traje,подходить,kostym
current,aktuell,actual,Actual,courant,attuale,obecny,atual,Текущий,nuvarande
lift,Aufzug,ascensor,levantar,lever,sollevare,winda,levantar,поднимать,hiss
rose,Rose,rosa,rosa,Rose,rosa,Róża,rosa,Роза,reste sig
arrive,ankommen,arribar,llegar,arriver,arrivare,przyjechać,chegar,прибыть,anlända
master,Meister,màster,Maestro,Maître,maestro,gospodarz,mestre,мастер,bemästra
track,Spur,pista,pista,Piste,traccia,tor,acompanhar,отслеживать,Spår
parent,Elternteil,pare,padre,parent,genitore,rodzic,pai,родительский,förälder
shore,Ufer,riba,costa,rive,costa,Wybrzeże,costa,берег,Strand
division,Aufteilung,divisió,división,division,divisione,podział,divisão,разделение,division
sheet,Blech,full,sábana,feuille,foglio,arkusz,Folha,лист,ark
substance,Substanz,substància,sustancia,substance,sostanza,substancja,substância,вещество,ämne
favor,favorisieren,afavorir,favor,favoriser,favore,przychylność,Favor,услуга,förmån
connect,verbinden,connectar,conectar,relier,Collegare,łączyć,conectar,соединять,ansluta
post,Post,missatge,correo,Publier,inviare,Poczta,publicar,почта,posta
spend,verbringen,passar,gastar,dépenser,Spendere,spędzić,gasta,проводить,spendera
chord,Akkord,acord,acorde,accord,accordo,akord,acorde,аккорд,ackord
fat,fett,greix,grasa,gros,Grasso,tłuszcz,gordo,толстый,fett
glad,froh,content,contento,content,lieto,zadowolony,alegre,радостный,glad
original,Original,originals,original,original,originale,oryginał,original,оригинал,original-
share,Teilen,quota,Cuota,partager,Condividere,dzielić,compartilhar,Поделиться,dela med sig
station,Bahnhof,estació,estación,station,stazione,stacja,estação,станция,station
dad,Papa,pare,papá,papa,papà,tata,Papai,папа,pappa
bread,brot,pa,pan de molde,pain,pane,chleb,pão,хлеб,bröd
charge,aufladen,cobrar,cobrar,charge,carica,opłata,carregar,обвинение,avgift
proper,richtig,adequada,correcto,correct,corretto,właściwy,apropriado,правильный,rätt
bar,Bar,bar,bar,bar,sbarra,bar,bar,бар,bar
offer,Angebot,oferta,oferta,offrir,offerta,oferta,oferta,предложение,erbjudande
segment,Segment,segment,segmento,segment,segmento,człon,segmento,сегмент,segmentet
slave,Sklave,esclau,esclavo,trimer,schiavo,niewolnik,escravo,раб,slav
duck,Ente,ànec,pato,canard,anatra,kaczka,pato,утка,Anka
instant,sofortig,instantània,instante,instantané,immediato,natychmiastowy,instante,мгновенный,omedelbar
market,Markt,mercat,mercado,marché,mercato,rynek,mercado,рынок,marknadsföra
degree,Grad,grau,la licenciatura,diplôme,livello,stopień,grau,степень,grad
populate,bevölkern,poblar,poblar,peupler,popolare,zaludniać,preencher,заполнять,befolka
chick,Küken,chick,polluelo,poussin,pulcino,pisklę,Chick,птенца,brud
dear,Liebling,estimada,Estimado,chère,caro,droga,caro,Уважаемые,Kära
enemy,Feind,enemic,enemigo,ennemi,nemico,wróg,inimigo,враг,fiende
reply,Antwort,respondre,respuesta,Réponse,rispondere,Odpowiadać,responder,Ответить,svar
drink,Getränk,beguda,beber,boisson,bere,drink,beber,напиток,dryck
occur,geschehen,produir,ocurrir,se produire,verificarsi,zdarzać się,ocorrer,происходить,inträffa
support,Unterstützung,suport,apoyo,Support,sostegno,Pomoc,apoio,поддерживать,Stöd
speech,Rede,discurs,discurso,parole,discorso,przemówienie,Fala,речь,Tal
nature,Natur,naturalesa,naturaleza,la nature,natura,Natura,natureza,природа,natur
range,Angebot,gamma,rango,intervalle,gamma,zasięg,variar,диапазон,räckvidd
steam,Dampf,vapor,vapor,vapeur,vapore,parowy,vapor,готовить на пару,ånga
motion,Bewegung,moviment,movimiento,mouvement,movimento,ruch,movimento,движение,rörelse
path,Weg,camí,sendero,chemin,sentiero,ścieżka,caminho,дорожка,väg
liquid,Flüssigkeit,líquid,líquido,liquide,liquido,płyn,líquido,жидкость,flytande
log,Protokoll,log,Iniciar sesión,Journal,tronco d'albero,dziennik,registro,журнал,logga
meant,gemeint,significat,quiso decir,censé,significava,oznaczał,significou,имел ввиду,avsiktlig
quotient,Quotient,quocient,cociente,quotient,quoziente,iloraz,quociente,коэффициент,kvot
teeth,Zähne,dents,dientes,les dents,denti,zęby,dentes,зубы,tänder
shell,Hülse,intèrpret,caparazón,coquille,guscio,powłoka,Concha,оболочка,skal
neck,Nacken,coll,cuello,cou,collo,szyja,pescoço,шея,nacke
oxygen,Sauerstoff,oxigen,oxígeno,oxygène,ossigeno,tlen,oxigênio,кислород,syre
sugar,Zucker,sucre,azúcar,du sucre,zucchero,cukier,açúcar,сахар,socker
death,Tod,mort,muerte,décès,Morte,śmierć,morte,смерть,död
pretty,hübsch,bastant,bonita,jolie,bello,ładny,bonito,Симпатичная,Söt
skill,Können,habilitat,habilidad,compétence,abilità,umiejętność,habilidade,навык,skicklighet
women,Frauen,dones,mujeres,femmes,donne,kobiety,mulheres,женщины,kvinnor
season,Jahreszeit,temporada,temporada,saison,stagione,pora roku,estação,время года,säsong
solution,Lösung,solució,solución,la solution,soluzione,rozwiązanie,solução,решение,lösning
magnet,Magnet,imant,imán,aimant,magnete,magnes,magnético,магнит,magnet
silver,Silber-,plata,plata,argent,d'argento,srebro,prata,Серебряный,silver-
thank,danken,gràcies,gracias,remercier,Grazie,dziękować,obrigado,благодарить,tacka
branch,Zweig,branca,rama,bifurquer,ramo,oddział,ramo,ответвляться,gren
match,passen,partit,juego,match,incontro,mecz,Combine,соответствие,match
suffix,Suffix,sufix,sufijo,suffixe,suffisso,przyrostek,sufixo,суффикс,ändelse
especially,besonders,especialment,especialmente,surtout,specialmente,szczególnie,especialmente,особенно,framförallt
fig,Feige,figa,higo,figure,Figura,Figa,FIG,Рис,fikon
afraid,besorgt,por,atemorizado,peur,paura,przestraszony,com medo,боюсь,rädd
huge,riesig,enorme,enorme,énorme,enorme,olbrzymi,enorme,огромный,enorm
sister,Schwester,germana,hermana,sœur,sorella,siostra,irmã,сестра,syster
steel,Stahl,acer,acero,acier,acciaio,stal,aço,стали,stål
discuss,diskutieren,discutir,conversar,discuter,discutere,omówić,discutir,обсуждать,diskutera
forward,nach vorne,endavant,delantero,vers l'avant,inoltrare,Naprzód,frente,вперед,fram-
similar,ähnlich,similars,similar,similaire,simile,podobny,semelhante,похожий,liknande
guide,führen,guiar,guía,guide,guida,przewodnik,guia,руководство,guide
experience,Erfahrung,experiència,experiencia,vivre,Esperienza,doświadczenie,experiência,опыт,erfarenhet
score,Punktzahl,puntuació,puntaje,score,punto,wynik,pontuação,счет,Göra
apple,Apfel,poma,manzana,Pomme,mela,jabłko,maçã,яблоко,äpple
bought,gekauft,comprat,comprado,acheté,comprato,kupił,comprado,купленный,köpt
led,LED,LED,dirigió,LED,portato,doprowadziło,conduziu,вел,led
pitch,Tonhöhe,pitch,tono,terrain,intonazione,poziom,tom,подача,tonhöjd
coat,Mantel,abric,Saco,manteau,cappotto,płaszcz,casaco,Пальто,täcka
mass,Masse,massa,masa,Masse,messa,masa,massa,масса,massa
card,Karte,targeta,tarjeta,carte,carta,karta,cartão,открытка,kort
band,Band,banda,banda,bande,gruppo musicale,pasmo,banda,группа,band
rope,Seil,corda,soga,corde,corda,lina,corda,веревка,rep
slip,Unterhose,lliscament,deslizar,caleçon,scontrino,poślizg,escorregar,соскальзывать,glida
win,gewinnen,victòria,victoria,gagner,vincita,wygrać,ganhar,победить,vinna
dream,Traum,somiar,sueño,rêver,sognare,śnić,Sonhe,мечтать,dröm
evening,Abend,nit,tardecita,soirée,sera,wieczór,tarde,вечер,kväll
condition,Bedingung,condició,condición,condition,condizione,stan,doença,условие,skick
feed,Einspeisung,feed,alimento,nourrir,alimentazione,karmić,alimentação,подача,utfodra
tool,Werkzeug,eina,herramienta,outil,attrezzo,narzędzie,ferramenta,инструмент,verktyg
basic,Basic,bàsica,básico,de base,di base,podstawowy,básico,базовый,grundläggande
smell,Geruch,olor,oler,sentir,odore,zapach,cheiro,запах,lukt
valley,Senke,vall,Valle,vallée,valle,dolina,vale,долина,dal
nor,Noch,ni,ni,ni,né,ani,nem,ни,inte heller
double,doppelt,doble,doble,double,Doppio,podwójnie,em dobro,двойной,dubbel
seat,Sitz,seient,asiento,siège,posto a sedere,siedzenie,assento,сиденье,sittplats
continue,fortsetzen,continuar,Seguir,Continuez,Continua,kontynuować,Prosseguir,Продолжать,Fortsätta
block,Block,bloc,bloquear,bloquer,bloccare,blok,quadra,блокировать,blockera
chart,Diagramm,taula,cuadro,graphique,grafico,wykres,gráfico,диаграмма,Diagram
hat,Hut,barret,sombrero,chapeau,cappello,kapelusz,chapéu,шляпа,hatt
sell,verkaufen,vendre,vender,vendre,vendere,Sprzedać,vender,продавать,sälja
success,Erfolg,èxit,éxito,Succès,successo,powodzenie,sucesso,успех,Framgång
company,Gesellschaft,empresa,empresa,compagnie,azienda,firma,companhia,Компания,företag
subtract,subtrahieren,restar,sustraer,soustraire,sottrarre,odejmować,subtrair,вычтите,subtrahera
event,Veranstaltung,esdeveniment,evento,un événement,evento,wydarzenie,evento,мероприятие,händelse
particular,besondere,particular,especial,particulier,particolare,konkretny,especial,конкретный,särskild
deal,handeln,acord,acuerdo,accord,affare,sprawa,acordo,иметь дело,handla
swim,schwimmen,nedar,nadar,baignade,nuotare,pływać,nadar,плавать,simma
term,Begriff,termini,término,terme,termine,termin,prazo,срок,termin
opposite,Gegenteil,oposada,opuesto,opposé,di fronte,naprzeciwko,oposto,противоположный,motsatt
wife,Ehefrau,dona,esposa,épouse,moglie,żona,esposa,жена,fru
shoe,Schuh,sabata,zapato,chaussure,scarpa,but,sapato,обувь,sko
shoulder,Schulter,espatlla,hombro,épaule,spalla,ramię,ombro,плечо,axel
spread,Verbreitung,propagació,untado,se propager,differenza,rozpiętość,espalhar,распространять,spridning
arrange,arrangieren,organitzar,arreglar,organiser,organizzare,zorganizować,arranjo,договариваться,ordna
camp,Lager,campament,acampar,camp,campo,obóz,acampamento,лагерь,läger
invent,erfinden,inventar,inventar,inventer,inventare,wymyślać,inventar,изобретать,uppfinna
cotton,Baumwolle,cotó,algodón,coton,cotone,bawełna,algodão,хлопок,bomull
born,geboren,born,nacido,née,Nato,urodzić się,nascido,Родился,född
determine,bestimmen,determinar,determinar,déterminer,determinare,określać,determinar,определять,bestämma
quart,Quart,quart,cuarto de galón,litre,Quart,kwarta,Quart,лист,quart
nine,neun,còlera,nueve,neuf,nove,dziewięć,nove,девять,nio
truck,LKW,camió,camión,un camion,camion,ciężarówka,caminhão,грузовая машина,lastbil
noise,Lärm,soroll,ruido,bruit,rumore,hałas,ruído,шум,ljud
level,eben,nivell,nivel,niveau,livello,poziom,nível,уровень,nivå
chance,Chance,oportunitat,oportunidad,chance,opportunità,szansa,chance,шанс,chans
gather,versammeln,reunir,recolectar,rassembler,mettere insieme,zebrać,reunir,собирать,samla
shop,Geschäft,botiga,tienda,magasin,negozio,sklep,fazer compras,магазин,affär
stretch,strecken,estirament,tramo,extensible,stirata,rozciągać się,esticar,протяжение,sträcka
throw,Wurf,llançar,lanzar,jeter,gettare,rzucić,lançar,бросать,kasta
shine,scheinen,brillantor,brillar,briller,splendore,połysk,brilhar,светить,glans
property,Eigentum,propietat,propiedad,propriété,proprietà,własność,propriedade,имущество,fast egendom
column,Säule,columna,columna,colonne,colonna,kolumna,coluna,столбец,kolumn
molecule,Molekül,molècula,molécula,molécule,molecola,cząsteczka,molécula,молекула,molekyl
select,auswählen,seleccioneu,Seleccione,sélectionner,Selezionare,Wybierz,Selecione,Выбрать,Välj
wrong,falsch,mal,equivocado,mauvais,sbagliato,zło,errado,неправильный,fel
gray,grau,gris,gris,grise,grigio,szary,cinzento,серый,grå
repeat,wiederholen,repeteixi,repetir,répéter,ripetere,powtarzać,repetir,повторение,upprepa
require,benötigen,requerir,requerir,exiger,richiedere,wymagać,exigir,требовать,behöva
broad,breit,ampli,amplio,vaste,ampio,szeroki,largo,широкий,bred
prepare,vorbereiten,preparar,preparar,préparer,preparare,przygotować,preparar,подготовить,förbereda
salt,Salz,sal,sal,sel,sale,Sól,sal,соль,salt-
nose,Nase,nas,nariz,nez,naso,nos,nariz,нос,näsa
plural,Plural-,plural,plural,pluriel,plurale,mnogi,plural,множественное число,flertal
anger,Wut,còlera,enfado,colère,la rabbia,gniew,raiva,злость,ilska
claim,Klage,reclamació,reclamar,réclamer,reclamo,prawo,alegar,требовать,krav
continent,Kontinent,continent,continente,continent,continente,kontynent,continente,континент,kontinent
