angles,catala,espanyol,alemany,frances,polones,portugues,rus,italia,suec
as,com,como,wie,comme,jak,Como,в качестве,come,som
his,seva,su,seine,le sien,jego,seu,его,il suo,hans
that,que,que,das,ce,że,este,что,Quello,den där
he,ell,él,er,il,on,ele,он,lui,han
was,era,estaba,war,a été,był,foi,был,era,var
for,per,por,zum,pour,dla,por,за,per,för
on,en,en,an,sur,na ,sobre,на,Su,på
are,són,son,sind,sommes,są,são,находятся,sono,are
with,amb,con,mit,avec,z,com,с,insieme a,med
they,que,ellos,sie,elles ou ils,one,elas,Oни,essi,de
be,ser,ser,sein,être,być,ser,быть,essere,vara
at,en,a,bei,à,w,no,в,a,på
one,significarà,una,eines,une,jeden,um,один,uno,ett
have,tenir,tener,haben,ont,mieć,tenho,имеют,avere,ha
this,aquest,este,Dies,cette,ten,isto,это,questo,detta
from,des,de,aus,de,z,a partir de,из,da,från
by,per,por,durch,par,za pomocą,por,по,di,förbi
hot,calenta,caliente,heiß,chaud,gorący,quente,горячий,piccante,varm
word,paraula,palabra,Wort,mot,słowo,palavra,слово,parola,ord
but,però,pero,aber,mais,ale,mas,но,ma,men
what,ho,qué,was,Quel,Co,o que,какие,che cosa,Vad
some,alguns,alguno,etwas,quelques,niektóre,algum,немного,alcuni,några
is,és,es,ist,est,jest,é,является,è,är
it,el,eso,es,ce,to,isto,Это,esso,Det
you,vostè,tú,Sie,tu,ty,vocês,ты,voi,du
or,o,o,oder,ou,lub,ou,или же,o,eller
had,tingut,tenido,hatte,avais,miał,teve,было,avevo,ha
the,la,la,das,la,the,a,а,il,de
of,d’,de,von,de,z,do,из,di,av
to,a,a,zu,à,do,para,к,a,till
and,i,y,und,et,oraz,e,а также,e,och
a,ella,a,a,un,a,uma,а,un,en
in,en,en,in,dans,w,dentro,в,in,i
we,nosaltres,nosotros,wir,nous,my,nós,мы,noi,vi
can,pot,pueden,kann,boîte,Móc,posso,Можно,Potere,burk
out,sortida,afuera,aus,dehors,na zewnątrz,Fora,вне,fuori,ut
other,altre,otro,Sonstiges,autre,inny,outro,Другой,Altro,Övrig
were,eren,fueron,war,étaient,byli,nós estamos,мы,erano,var
which,que,cual,die,qui,który,que,который,quale,som
do,fer,hacer,tun,fais,robić,Faz,делать,fare,do
their,seva,sus,ihr,leur,ich,seus,их,i loro,deras
time,temps,tiempo,Zeit,temps,czas,Tempo,время,volta,tid
if,si,si,wenn,si,jeśli,E se,если,Se,om
will,farà,voluntad,Wille,sera,będzie,vai,будут,volere,kommer
how,com,cómo,wie,comment,Jak,Como as,как,come,hur
said,dit,dijo,sagte,a dit,powiedział,disse,сказал,disse,nämnda
an,ocupat,un,ein,un,jakiś,um,атмосфера,un,en
each,cada,cada,jeder,chaque,każdy,cada,каждый,a testa,varje
tell,dir,decir,erzählen,raconter,powiedzieć,dizer,сказать,raccontare,säga
does,fa,lo hace,tut,Est-ce que,czy,faz,делает,fa,göra
set,conjunt,establecer,einstellen,Positionner,ustawić,definir,установлен,impostare,uppsättning
three,mar,Tres,drei,Trois,trzy,três,три,tre,tre
want,voler,desear,wollen,vouloir,chcieć,querer,хочу,volere,vilja
air,aire,aire,Luft,air,powietrze,ar,воздуха,aria,luft
well,bé,bien,Gut,bien,dobrze,Nós vamos,Что ж,bene,väl
also,també,además,Auch,aussi,Również,também,также,anche,också
play,jugar,desempeñar,abspielen,jouer,bawić się,Toque,играть в,giocare a,spela
small,petit,pequeña,klein,petit,mały,pequena,маленький,piccolo,små
end,fi,final,Ende,fin,koniec,fim,конец,fine,slutet
put,posar,poner,stellen,mettre,położyć,colocar,помещать,mettere,sätta
home,casa,hogar,Heimat,domicile,Dom,casa,дом,casa,Hem
read,llegir,leer,lesen,lis,czytać,ler,читать,leggere,läsa
hand,mà,mano,Hand,main,ręka,mão,рука,mano,hand
port,port,Puerto,Hafen,Port,Port,porta,порт,porta,hamn
large,gran,largo,groß,grand,wielki,ampla,большой,di grandi dimensioni,stor
spell,lletrejar,deletrear,Fluch,sort,zaklęcie,soletrar,орфографии,sillabare,stava
add,afegir,agregar,hinzufügen,ajouter,Dodaj,adicionar,добавлять,Inserisci,Lägg till
land,terra,tierra,Land,terrain,grunt,terra,земельные участки,terra,landa
here,aquí,aquí,hier,ici,tutaj,aqui,здесь,qui,här
must,ha,deber,muss,devoir,musi,devo,должен,dovere,måste
big,gran,grande,groß,gros,duża,grande,большой,grande,stor
high,alta,alto,hoch,haute,wysoki,Alto,высокая,alto,hög
such,tals,tal,eine solche,tel,taki,tal,такой,tale,sådan
follow,segueixi,seguir,Folgen,suivre,śledzić,Segue,следить,Seguire,Följ
act,acte,Actuar,Handlung,loi,akt,Aja,действовать,atto,spela teater
ask,preguntar,pedir,Fragen,interroger,zapytać się,perguntar,спросить,Chiedi,fråga
men,homes,hombres,Männer,Hommes,mężczyźni,homens,люди,uomini,män
change,canvi,cambio,Rückgeld,monnaie,zmiana,mudança,сдача,modificare,förändra
light,llum,luz,hell,lumière,światło,leve,легкий,luce,ljus
kind,tipus,tipo,nett,gentil,uprzejmy,Gentil,Добрый,tipo,snäll
off,off,apagado,aus,à l'arrêt,wyłączony,desligado,выключенный,spento,av
need,necessitarà,necesitar,brauchen,besoin,potrzebować,precisar,необходимость,bisogno,behöver
house,casa,casa,Haus,loger,dom,lar,дом,Casa,hus
picture,foto,imagen,Bild,image,obrazek,foto,картина,immagine,bild
try,tractar,probar,Versuchen,essayer,próbować,tentar,пытаться,Tentativo,Prova
us,nosaltres,a nosotros,uns,nous,nas,nós,нас,noi,oss
again,nou,otra vez,wieder,encore,ponownie,novamente,опять таки,ancora,om igen
animal,animals,animal,Tier,animal,zwierzę,animal,животное,animale,djur-
point,punt,punto,Punkt,indiquer,punkt,ponto,точка,punto,punkt
mother,mare,madre,Mutter,mère,matka,mãe,мать,madre,mor
world,món,mundo,Welt,monde,świat,mundo,Мир,mondo,värld
near,prop,cerca,nahe,à proximité,Blisko,aproximar,около,vicino,nära
build,construir,construir,bauen,construire,budować,construir,строить,costruire,bygga
self,acte,uno mismo,selbst,soi,samego siebie,auto,себя,se stesso,själv
earth,terra,tierra,Erde,la terre,Ziemia,terra,земной шар,terra,jord
father,pare,padre,Vater,père,ojciec,pai,отец,padre,far
any,qualsevol,ningún,irgendein,n'importe quel,każdy,algum,Любые,qualunque,några
new,nou,nuevo,Neu,Nouveau,Nowy,novo,новый,nuovo,ny
work,treball,trabajar,Arbeit,travailler,praca,trabalhar,Работа,opera,arbete
part,part,parte,Teil,partie,część,papel,часть,parte,del
take,prendre,tomar,nehmen,prendre,Brać,leva,брать,prendere,ta
get,aconseguir,obtener,erhalten,obtenir,Dostawać,pegue,получить,ottenere,skaffa sig
place,lloc,lugar,Platz,place,miejsce,lugar,место,posto,plats
made,fet,hecha,gemacht,fabriqué,zrobiony,feito,сделанный,fatto,gjord
live,viure,En Vivo,live,Direct,relacja na żywo,viver,жить,abitare,leva
where,on,dónde,wo,où,gdzie,Onde,куда,dove,var
after,després,después,nach,après,po,depois,после,dopo,efter
back,esquena,espalda,der Rücken,retour,plecy,de volta,назад,Indietro,tillbaka
little,poc,poco,wenig,peu,mały,pequena,маленький,piccolo,liten
only,només,solamente,nur,seulement,tylko,só,Только,solo,endast
round,ronda,redondo,runden,tour,okrągły,redondo,круглый,il giro,runda
man,home,hombre,Mann,homme,facet,cara,человек,uomo,man
year,anys,año,Jahr,an,rok,ano,год,anno,år
came,vi,vino,kam,est venu,przyszło,veio,пришел,è venuto,kom
show,espectacle,mostrar,Show,Afficher,pokazać,mostrar,показывать,mostrare,show
every,cada,cada,jeder,tous,każdy,todo,каждый,ogni,varje
good,bona,bueno,gut,bien,Dobry,Boa,хороший,Buona,Bra
me,em,yo,mich,moi,ja,Eu,мне,me,mig
give,donar,dar,geben,donner,dawać,dar,дайте,dare,ge
our,nostra,nuestro,unser,notre,nasz,nosso,наш,i nostri,vår
under,sota,por debajo,unter,en dessous de,pod ,debaixo,под,sotto,under
name,nom,nombre,Name,Nom,Nazwa,nome,имя,nome,namn
very,molt,muy,sehr,très,bardzo,muito,очень,molto,mycket
through,través,mediante,durch,à travers,poprzez,Através dos,через,attraverso,genom
just,només,sólo,nur,juste,tylko,apenas,просто,Appena,bara
form,forma,forma,bilden,formulaire,Formularz,Formato,форма,modulo,form
sentence,frase,frase,Satz,phrase,wyrok,frase,приговор,frase,mening
great,gran,estupendo,Großartig,génial,Świetnie,excelente,большой,grande,bra
think,pensar,pensar,denken,pense,myśleć,acho,считать,pensare,tror
say,dir,decir,sagen,dire,mówić,dizer,сказать,dire,säga
help,ajudar,ayuda,Hilfe,aider,Wsparcie,ajuda,помощь,aiuto,hjälp
low,sota,bajo,niedrig,bas,niski,baixo,низкий,basso,låg
line,línia,línea,Linie,ligne,linia,linha,линия,linea,linje
differ,diferir,diferir de,abweichen,différer,różnić się,diferir,отличается,differire,skilja sig
cause,causa,causa,weil,cause,przyczyna,causa,причина,causa,orsak
much,molt,mucho,viel,beaucoup,dużo,Muito de,много,tanto,mycket
mean,significarà,significar,bedeuten,moyenne,oznaczać,significa,иметь в виду,significare,betyda
before,abans,antes de,Vor,avant de,zanim,antes da,до,prima,innan
move,moviment,Muevete,Bewegung,mouvement,ruszaj się,jogada,шаг,muoversi,flytta
right,dret,Correcto,Rechts,droit,prawo,certo,Правильно,Giusto,höger
boy,nen,chico,Junge,garçon,chłopak,Garoto,мальчик,ragazzo,pojke
old,edat,antiguo,alt,Agé de,stary,velho,старый,vecchio,gammal
too,massa,también,zu,aussi,także,também,слишком,anche,för
same,mateixa,mismo,gleich,même,to samo,mesmo,такой же,stesso,samma
she,ella,ella,sie,elle,Ona,ela,она,lei,hon
all,tot,todos,alle,tout,wszystko,tudo,все,tutto,Allt
there,hi,allá,dort,là,tam,lá,там,là,där
when,quan,cuando,Wenn,lorsque,gdy,quando,когда,quando,när
up,fins,arriba,hoch,en haut,w górę,acima,вверх,su,upp
use,ús,usar,verwenden,utilisation,posługiwać się,usar,использовать,uso,använda sig av
your,seva,su,dein,ton,twój,sua,ваш,tuo,din
way,camí,camino,Weg,façon,droga,caminho,путь,modo,sätt
about,sobre,sobre,um,sur,o,cerca de,о,di,handla om
many,molts,muchos,viele,de nombreux,wiele,muitos,много,molti,många
then,continuació,después,dann,alors,następnie,então,тогда,poi,sedan
them,ells,a ellos,Sie,leur,ich,eles,их,loro,dem
write,escriure,escribe,schreiben,écrivez,pisać,Escreva,записывать,scrivere,skriva
would,faria,haría,möchten,aurait,zrobiłbym,gostaria,бы,voluto,skulle
like,com,me gusta,wie,Comme,tak jak,Curti,как,piace,tycka om
so,així,asi que,Also,alors,więc,assim,так,Così,så
these,aquests,estas,diese,ces,te,esses,эти,queste,dessa
her,seva,su,Sie,son,ją,sua,ей,suo,henne
long,llarg,largo,lang,long,długie,grandes,длинная,lungo,lång
make,fer,hacer,machen,Fabriquer,robić,faço,делать,rendere,göra
thing,cosa,cosa,Ding,chose,rzecz,coisa,вещь,cosa,sak
see,veure,ver,sehen,voir,Widzieć,Vejo,видеть,vedere,ser
him,ell,a él,ihn,lui,jego,dele,его,lui,honom
two,dos,dos,zwei,deux,dwa,dois,два,Due,två
has,té,posee,hat,a,ma,tem,имеет,ha,har
look,buscar,Mira,sehen,voir,wyglądać,olhar,Смотреть,Guarda,se
more,més,más,mehr,Suite,jeszcze,mais,более,Di più,Mer
day,dia,día,Tag,journée,dzień,dia,день,giorno,dag
could,podia,pudo,könnte,pourrait,mógłby,poderia,мог,Potevo,skulle kunna
go,anar,Vamos,gehen,aller,iść,vai,идти,andare,gå
come,venir,venir,Kommen Sie,viens,chodź,venha,прийти,venire,komma
number,nombre,número,Nummer,Numéro,numer,número,количество,numero,siffra
sound,so,sonido,Klang,du son,dźwięk,som,звук,suono,ljud
no,no,no,nein,non,nie,não,нет,No,Nej
most,més,la mayoría,die meisten,plus,bardzo,a maioria,самый,più,mest
people,persones,gente,Personen,personnes,ludzie,pessoas,люди,le persone,människor
my,meu,mi,mein,ma,mój,minha,мой,mio,min
over,sobre,sobre,Über,plus de,koniec,sobre,над,Sopra,över
know,saber,saber,kennt,connaître,wiedzieć,conhecer,знать,sapere,känna till
water,aigua,agua,Wasser,l'eau,woda,agua,вода,acqua,vatten
than,que,que,als,que,niż,do que,чем,di,än
call,anomenada,llamar,Anruf,appel,połączenie,ligar,вызов,chiamata,ringa upp
first,primer,primero,Erste,première,pierwszy,primeiro,первый,primo,först
who,que,quién,wer,qui,kto,quem,кто,chi,WHO
may,pot,mayo,kann,peut,może,poderia,май,Maggio,Maj
down,baix,abajo,Nieder,vers le bas,na dół,baixa,вниз,fuori uso,ner
side,costat,lado,Seite,côté,bok,lado,сторона,lato,sida
been,estat,estado,gewesen,a été,został,estive,был,stato,varit
now,ara,ahora,jetzt,à présent,Teraz,agora,в настоящее время,adesso,nu
find,trobar,encontrar,finden,trouver,odnaleźć,achar,найти,trova,hitta
head,cap,cabeza,Kopf,tête,głowa,cabeça,глава,testa,huvud
own,propi,propio,besitzen,posséder,własny,ter,собственный,possedere,egen
page,pàgina,página,Seite,page,strona,página,страница,pagina,sida
should,ha,debería,sollte,devrait,powinien,deve,должен,dovrebbe,skall
country,país,país,Land,pays,kraj,país,страна,nazione,Land
found,trobat,fundar,gefunden,trouvé,znaleziony,encontrado,найденный,fondare,hittades
answer,resposta,responder,Antworten,réponse,odpowiadać,responda,отвечать,Rispondere,svar
school,escola,escuela,Schule,école,szkoła,escola,школа,scuola,skola
grow,créixer,crecer,größer werden,grandir,rosnąć,crescer,расти,crescere,växa
study,estudi,estudiar,lernen,étude,nauka,estudar,исследование,studia,studie
still,encara,todavía,still,toujours,nadal,ainda,Все еще,ancora,fortfarande
learn,aprendre,aprender,lernen,apprendre,uczyć się,aprender,учиться,imparare,lära sig
plant,planta,planta,Pflanze,plante,zakład,plantar,завод,pianta,växt
cover,coberta,cubrir,Startseite,couverture,pokrywa,cobrir,покрытие,coperchio,omslag
food,aliments,alimento,Lebensmittel,aliments,jedzenie,Comida,еда,cibo,mat
sun,sol,sol,Sonne,Soleil,słońce,Sol,солнце,sole,Sol
four,saber,cuatro,vier,quatre,cztery,quatro,четыре,quattro,fyra
between,entre,Entre,zwischen,entre,pomiędzy,entre,между,fra,mellan
state,estat,estado,Zustand,Etat,państwo,Estado,государство,stato,stat
keep,mantenir,mantener,behalten,donjon,trzymać,guarda,хранить,mantenere,ha kvar
eye,ull,ojo,Auge,œil,oko,olho,глаз,occhio,öga
never,mai,nunca,noch nie,jamais,nigdy,Nunca,никогда,mai,aldrig
last,última,ultimo,letzte,dernière,ostatni,último,последний,Ultimo,sista
let,deixar,dejar,Lassen,laisser,wynajmować,deixar,позволять,permettere,låta
thought,pensat,pensamiento,Gedanke,pensait,myśl,pensamento,мысль,pensiero,trodde
city,ciutat,ciudad,Stadt,ville,Miasto,cidade,город,città,stad
tree,arbre,árbol,Baum,arbre,drzewo,árvore,дерево,albero,träd
cross,creuar,cruz,Kreuz,traverser,krzyż,Cruz,Пересекать,attraverso,korsa
farm,granja,granja,Bauernhof,cultiver,gospodarstwo rolne,Fazenda,ферма,azienda agricola,odla
hard,dur,difícil,schwer,dur,ciężko,duro,жесткий,difficile,hård
start,inici,comienzo,Anfang,début,początek,começar,Начало,inizio,Start
might,podria,puede que,könnte,force,móc,poderia,мощь,potrebbe,makt
story,història,historia,Geschichte,histoire,fabuła,história,история,storia,berättelse
saw,serra,sierra,gesehen,vu,widział,viu,пила,sega,fick syn på
far,ara,lejos,weit,loin,daleko,distante,далеко,lontano,långt
sea,mar,mar,Meer,mer,morze,mar,море,mare,hav
draw,dibuixar,dibujar,zeichnen,dessiner,remis,empate,рисовать,disegno,dra
left,esquerra,izquierda,links,la gauche,lewy,deixei,оставил,sinistra,vänster
late,tarda,tarde,spät,en retard,późno,tarde,поздно,tardi,sent
run,run,correr,Lauf,Cours,biegać,corre,бежать,correre,springa
don’t,no,no,nicht,ne le faites pas,Nie,não,не,non,inte
while,mentre,tiempo,während,tandis que,podczas gdy,enquanto,пока,mentre,medan
press,premsa,prensa,Drücken Sie,presse,naciśnij,pressione,Нажмите,stampa,Tryck
close,prop,cerca,nah dran,proche,blisko,perto,Закрыть,chiudere,stänga
night,nit,noche,Nacht,nuit,noc,noite,ночь,notte,natt
real,reals,real,real,réel,prawdziwy,real,настоящий,vero,verklig
life,vida,vida,Leben,la vie,życie,vida,жизнь,vita,liv
few,pocs,pocos,wenig,peu,mało,alguns,несколько,pochi,få
north,nord,norte,Norden,Nord,północ,norte,к северу,nord,norr
book,llibre,libro,Buchen,livre,książka,livro,книга,prenotare,bok
carry,portar,llevar,tragen,porter,mieć przy sobie,carregar,нести,trasportare,bära
took,prendre,tomó,nahm,ont pris,wzięła,tomou,взял,ha preso,tog
science,ciència,Ciencias,Wissenschaft,la science,nauki ścisłe,Ciência,наука,scienza,vetenskap
eat,menjar,comer,Essen,manger,jeść,comer,есть,mangiare,äta
room,habitació,habitación,Zimmer,chambre,Pokój,quarto,номер,camera,rum
friend,amic,amigo,Freund,ami,przyjaciel,amigo,друг,amico,vän
began,començar,empezó,begann,a commencé,zaczął się,começou,началось,iniziò,påbörjade
idea,idea,ocurrencia,Idee,idée,pomysł,idéia,идея,idea,aning
fish,peixos,pez,Fische,poisson,ryba,peixe,рыбы,pesce,fisk
mountain,muntanya,montaña,Berg,Montagne,Góra,montanha,гора,montagna,fjäll
stop,aturi,deténgase,Pause,arrêt,Zatrzymaj się,Pare,остановка,fermare,sluta
once,uncop,una vez,einmal,une fois que,raz,uma vez,однажды,una volta,en gång
base,base,base,Base,base,baza,base,база,base,bas
hear,escoltar,oír,hören,écouter,słyszeć,ouvir,слышать,ascoltare,höra
horse,cavall,caballo,Pferd,cheval,koń,cavalo,лошадь,cavallo,häst
cut,tall,Corte,schneiden,Couper,skaleczenie,cortar,резать,tagliare,skära
sure,segur,Por supuesto,sicher,Bien sur,Jasne,claro,Конечно,sicuro,Säker
watch,veure,reloj,Uhr,Regardez,zegarek,ver,смотреть,guarda,Kolla på
colour,color,color,Farbe,Couleur,kolor,cor,цвет,colore,Färg
face,cara,cara,Gesicht,Visage,Twarz,enfrentar,лицо,viso,ansikte
wood,fusta,madera,Holz,bois,drewno,madeira,древесина,Di legno,trä
main,principal,principal,hauptsächlich,principale,Główny,a Principal,главный,principale,huvudsaklig
open,oberta,abierto,offen,ouvert,otwarty,abrir,открытым,aprire,öppna
seem,sembla,parecer,erscheinen,sembler,wydać się,parecer,казаться,sembrare,verka
together,junts,juntos,zusammen,ensemble,razem,juntos,вместе,insieme,tillsammans
next,següent,Siguiente,nächste,Suivant,następny,próximo,следующий,prossimo,Nästa
white,blanc,blanco,Weiß,blanche,biały,branco,белый,bianca,vit
children,nens,niños,Kinder,enfants,dzieci,crianças,дети,figli,barn
begin,començar,empezar,Start,commencer,zaczynać,começar,начинать,inizio,Börja
got,aconseguit,obtuvo,habe,a obtenu,dostał,pegou,есть,avuto,gett
walk,caminar,caminar,Spaziergang,marche,spcerować,andar,ходить,camminare,promenad
example,exemple,ejemplo,Beispiel,Exemple,przykład,exemplo,пример,esempio,exempel
ease,alleujar,facilitar,Leichtigkeit,faciliter,łatwość,facilidade,простота,sollievo,lätthet
paper,paper,papel,Papier,papier,papier,papel,бумага,carta,papper
group,grup,grupo,Gruppe,groupe,Grupa,grupo,группа,gruppo,grupp
always,sempre,siempre,stets,toujours,zawsze,sempre,всегда,sempre,alltid
music,música,música,Musik,musique,muzyka,música,Музыка,musica,musik
those,els,aquellos,diese,ceux,tych,Essa,те,quelli,de där
both,tant,ambas cosas,beide,tous les deux,Zarówno,Ambas,оба,Entrambi,både
mark,marca,Marcos,Kennzeichen,marque,znak,marca,отметка,marchio,markera
often,sovint,con frecuencia,häufig,souvent,często,muitas vezes,довольно часто,Spesso,ofta
letter,carta,carta,Buchstabe,lettre,list,carta,письмо,lettera,brev
until,fins,Hasta que,bis um,jusqu'à,aż do,até,до того как,Fino a,fram tills
mile,milla,milla,Meile,mile,Mila,milha,миля,miglio,mile
river,riu,río,Fluss,fleuve,rzeka,rio,река,fiume,flod
car,cotxe,coche,Wagen,auto,samochód,carro,автомобиль,macchina,bil
feet,peus,pies,Fuß,pieds,stopy,pés,ноги,piedi,fötter
care,cura,cuidado,Pflege,se soucier,opieka,Cuidado,забота,cura,vård
second,segon,segundo,zweite,deuxième,druga,segundo,второй,secondo,andra
enough,suficient,suficiente,genügend,suffisant,wystarczająco ,o suficiente,достаточно,abbastanza,tillräckligt
plain,pla,sencillo,schmucklos,plaine,zwykły,avião,простой,pianura,enkel
girl,noia,chica,Mädchen,fille,dziewczyna,menina,девочка,ragazza,flicka
usual,habitual,habitual,üblich,habituel,zwykły,usual,обычный,solito,vanliga
young,jove,joven,jung,Jeune,młody,jovem,молодой,giovane,ung
ready,llest,Listo,bereit,prêt,gotowy,pronto,готовы,pronto,redo
above,persobre,arriba,Oben,au dessus,nad,acima de,выше,sopra,ovan
ever,mai,alguna vez,je,déjà,zawsze,sempre,Когда-либо,mai,någonsin
red,vermell,rojo,rot,rouge,czerwony,vermelho,красный,rosso,röd
list,llista,lista,aufführen,liste,lista,Lista,список,elenco,lista
though,encara,aunque,obwohl,pourtant,chociaż,no entanto,хотя,anche se,fastän
feel,sentir,sentir,Gefühl,se sentir,czuć,sentir,Чувствовать,tatto,känna
talk,xerrada,hablar,sich unterhalten,parler,rozmowa,conversa,разговаривать,parlare,prata
bird,ocell,pájaro,Vogel,oiseau,ptak,pássaro,птица,uccello,fågel
soon,aviat,pronto,demnächst,bientôt,wkrótce,em breve,скоро,presto,snart
body,cos,cuerpo,Karosserie,corps,ciało,corpo,тело,corpo,kropp
dog,gos,perro,Hund,chien,pies,cão,собака,cane,hund
family,família,familia,Familie,famille,rodzina,família,семья,famiglia,familj
direct,directa,directo,Direkte,direct,bezpośredni,direto,непосредственный,diretto,direkt
pose,plantejar,pose,Pose,pose,poza,pose,поза,posa,utgör
leave,deixar,abandonar,verlassen,Pars,Odejdź,sair,оставлять,partire,lämna
song,cançó,canción,Lied,chanson,utwór muzyczny,música,песня,canzone,låt
measure,mesurar,medida,messen,mesure,mierzyć,a medida,мера,misurare,mäta
door,porta,puerta,Tür,porte,drzwi,porta,дверь,porta,dörr
product,producte,producto,Produkt,produit,produkt,produtos,товар,Prodotto,produkt
black,negre,negro,Schwarz,le noir,czarny,Preto,черный,Nero,svart
short,curta,corto,kurz,court,niski,curto,короткая,breve,kort
numeral,numeral,número,Ziffer,numéral,liczbowy,numeral,цифра,numerale,siffra
class,classe,clase,Klasse,classer,klasa,classe,учебный класс,classe,klass
wind,vent,viento,Wind,vent,wiatr,vento,ветер,vento,vind
question,pregunta,pregunta,Frage,question,pytanie,pergunta,вопрос,domanda,fråga
happen,succeir,suceder,passieren,se produire,zdarzyć,acontecer,случаться,accadere,hända
complete,completa,completo,Komplett,Achevée,kompletny,completo,полный,completare,komplett
ship,vaixell,Embarcacion,Schiff,bateau,statek,navio,судно,nave,fartyg
area,zona,área,Bereich,Région,powierzchnia,área,область,la zona,område
half,mitjà,mitad,halb,demi,połowa,metade,половина,metà,halv
rock,roca,roca,Felsen,rock,głaz,Rocha,рок,roccia,sten
order,fi,ordenar,bestellen,ordre,zamówienie,ordem,заказ,ordine,ordning
fire,foc,fuego,Feuer,Feu,ogień,incêndio,Огонь,fuoco,brand
south,sud,sur,Süden,sud,południe,sul,юг,Sud,söder
problem,problema,problema,Problem,problème,problem,problema,проблема,problema,problem
piece,peça,pieza,Stück,pièce,kawałek,peça,кусок,pezzo,bit
told,dit,dicho,gesagt,Raconté,powiedział,contou,сказал,detto,berättade
knew,sabia,supo,wusste,connaissait,Wiedziałem,sabia,знал,conosceva,visste
pass,passar,pasar,passieren,passer,podawać,passar,проходить,passaggio,passera
since,des,ya que,seit,puisque,odkąd,desde,поскольку,da,eftersom
top,superior,parte superior,oben,Haut,Top,topo,Топ,superiore,topp
whole,tot,entero,ganz,ensemble,cały,todo,весь,totale,hela
king,rei,rey,König,Roi,król,rei,король,re,kung
street,carrer,calle,Straße,rue,ulica,rua,улица,strada,gata
inch,polzades,pulgada,Zoll,pouce,cal,polegada,дюйм,pollice,tum
multiply,multiplicar,multiplicar,multiplizieren,multiplier,zwielokrotniać,multiplicar,умножить,moltiplicare,multiplicera
nothing,res,nada,nichts,rien,nic,nada,ничего такого,niente,ingenting
course,curs,curso,Kurs,cours,kurs,curso,курс,corso,kurs
stay,quedar,Quédate,bleibe,rester,zostawać,fique,остаться,restare,stanna kvar
wheel,roda,rueda,Rad,la roue,koło,roda,рулевое колесо,ruota,hjul
full,complet,completo,voll,plein,pełny,cheio,полный,completo,full
force,força,fuerza,Macht,Obliger,zmuszać,força,сила,forza,tvinga
blue,blau,azul,blau,bleu,niebieski,azul,синий,blu,blå
object,objecte,objeto,Objekt,objet,obiekt,objeto,объект,oggetto,objekt
decide,decidir,decidir,sich entscheiden,décider,zdecydować,decidir,решать,decidere,besluta
surface,superfície,superficie,auftauchen,surface,powierzchnia,superfície,поверхность,superficie,yta
deep,profunda,profundo,tief,Profond,głęboko,profundo,глубокий,profondo,djup
moon,lluna,luna,Mond,lune,księżyc,lua,луна,Luna,måne
island,illa,isla,Insel,île,wyspa,ilha,остров,isola,ö
foot,peu,pie,Fuß,le pied,stopa,pé,ступня,piede,fot
system,sistema,sistema,System,système,system,sistema,система,sistema,systemet
busy,ocupat,ocupado,belebt,occupé,zajęty,ocupado,занятый,occupato,upptagen
test,prova,prueba,Prüfung,test,test,teste,тест,test,testa
record,registre,registro,Aufzeichnung,enregistrement,nagrywać,registro,записывать,disco,spela in
boat,vaixell,barco,Boot,bateau,łódź,barco,лодка,barca,båt
common,comú,común,gemeinsames,commun,wspólny,comum,общий,Comune,allmänning
gold,or,oro,Gold,or,złoto,ouro,золото,oro,guld-
possible,possible,posible,möglich,possible,możliwy,possível,возможный,possibile,möjlig
plane,pla,plano,Flugzeug,avion,samolot,avião,самолет,aereo,plan
stead,lloc,lugar,Statt,place,STEAD,lugar,устойчивый,poster,ställe
dry,seca,seco,trocken,sec,suchy,seco,сухой,asciutto,torr
wonder,pregunto,preguntarse,sich fragen,merveille,cud,maravilha,удивляться,meraviglia,undra
laugh,riure,risa,Lachen,rire,śmiać się,riso,смех,ridere,skratt
thousand,mil,mil,tausend,mille,tysiąc,mil,тысяча,mille,tusen
ago,fa,atrás,vor,depuis,temu,atrás,назад,fa,sedan
ran,córrer,corrió,rannte,couru,biegł,correu,пробег,corse,sprang
check,comprovar,controlar,überprüfen,Chèque,sprawdzać,Verifica,Проверьте,dai un'occhiata,kolla upp
game,joc,juego,Spiel,Jeu,gra,jogos,игра,gioco,spel
shape,forma,forma,Form,forme,kształt,forma,форма,forma,form
equate,equiparar,equiparar,gleich,assimiler,zrównać,igualar,Приравнивание,equipaggiare,likställa
hot,calenta,caliente,heiß,chaud,gorący,quente,горячий,piccante,varm
miss,senyoreta,señorita,fehlschlagen,Mademoiselle,tęsknić,senhorita,скучать,Perdere,Fröken
brought,portat,trajo,gebracht,amené,przyniósł,trouxeram,привел,portato,tog med
heat,calor,calor,Wärme,Chauffer,ciepło,aquecer,нагревать,calore,värme
snow,neu,nieve,Schnee,neiger,śnieg,neve,снег,neve,snö
tire,pneumàtics,neumático,Reifen,pneu,opona,pneu,шина,pneumatico,däck
bring,portar,traer,bringen,apporter,przynieść,trazer,приносить,portare,föra
yes,si,sí,Jawohl,oui,tak,sim,да,sì,ja
distant,distant,distante,entfernt,loin,odległy,distante,далекий,distante,avlägsen
fill,omplir,llenar,füllen,remplir,wypełnić,encher,наполнять,riempire,fylla
paint,pintar,pintar,Farbe,Peinture,farba,pintar,краска,dipingere,måla
language,idioma,idioma,Sprache,Langue,język,Língua,язык,linguaggio,språk
among,entre,entre,unter,parmi,wśród,dentre,среди,fra,bland
unit,unitat,unidad,Einheit,unité,jednostka,unidade,Ед изм,unità,enhet
power,poder,energía,Energie,Puissance,moc,potência,сила,potenza,kraft
town,ciutat,pueblo,stadt,ville,miasto,Cidade,городок,cittadina,stad
fine,fina,multa,fein,bien,Cienki,multar,отлично,bene,bra
certain,certa,cierto,sicher,certain,pewny,certo,определенный,certo,vissa
fly,volar,volar,fliegen,mouche,latać,voe,летать,volare,flyga
fall,caure,otoño,Herbst,tomber,spadek,cair,падение,autunno,falla
lead,conduir,Plomo,führen,conduire,Ołów,conduzir,привести,piombo,leda
cry,crit,llorar,Schrei,cri,płakać,choro,плакать,piangere,gråta
dark,fosc,oscuro,dunkel,foncé,ciemny,Sombrio,темный,scuro,mörk
machine,màquina,máquina,Maschine,machine,maszyna,máquina,машина,macchina,maskin
note,nota,Nota,Hinweis,Remarque,Notatka,Nota,примечание,Nota,notera
wait,esperar,Espere,Warten,Attendez,czekać,esperar,ждать,aspettare,vänta
plan,pla,plan,planen,planifier,plan,plano,план,Piano,planen
figure,figura,figura,Zahl,chiffre,postać,figura,фигура,figura,figur
star,estrella,estrella,Stern,étoile,gwiazda,Estrela,звезда,stella,stjärna
box,quadre,caja,Kasten,boîte,skrzynka,caixa,коробка,scatola,låda
noun,substantiu,sustantivo,Substantiv,nom,rzeczownik,substantivo,существительное,sostantivo,substantiv
field,terreny,campo,aufstellen,champ,pole,campo,поле,campo,fält
rest,resta,descansar,sich ausruhen,le repos,reszta,descanso,отдыхать,riposo,resten
correct,correcta,correcto,Korrekt,corriger,prawidłowy,correto,правильный,corretta,korrekt
able,capaç,poder,fähig,pouvoir,zdolny,capaz,способный,capace,duktig
pound,lliura,libra,Pfund,livre,funt,libra,фунт,libbra,pund
done,done,hecho,erledigt,Fini,Gotowe,feito,Выполнено,fatto,Gjort
beauty,bellesa,belleza,Schönheit,beauté,piękno,beleza,красота,bellezza,skönhet
drive,unitat,conducir,Fahrt,conduire,prowadzić,dirigir,водить машину,viaggio,kör
stood,destacat,permaneció,stand,se trouvait,stał,permaneceu,стоял,stava in piedi,stod
contain,contenir,contener,enthalten,contenir,zawierać,conter,содержать,contenere,innehålla
front,davant,frente,Vorderseite,de face,przód,frente,фронт,davanti,främre
teach,ensenyar,enseñar,unterrichten,apprendre,uczyć,Ensinar,учить,insegnare,lära
week,setmana,semana,Woche,la semaine,tydzień,semana,неделя,settimana,vecka
final,definitiva,final,Finale,final,finał,final,финал,finale,slutlig
gave,vadonar,dio,gab,a donné,dał,deram,дал,ha dato,gav av
green,verd,verde,grün,vert,Zielony,verde,зеленый,verde,grön
oh,oh,Oh,oh,oh,oh,oh,ой,oh,åh
quick,ràpid,rápido,schnell,rapide,szybki,rápido,быстрый,Presto,snabbt
develop,desenvolupar,desarrollar,sich entwickeln,développer,rozwijać,desenvolve,развивать,sviluppare,utveckla
ocean,oceà,Oceano,Ozean,océan,ocean,oceano,океан,oceano,hav
warm,calenta,cálido,warm,chaleureuse,ciepły,caloroso,тепло,caldo,värma
free,lliure,libre,frei,libre,darmowy,gratuitamente,свободно,gratuito,fri
minute,minuts,minuto,Minute,minute,minuta,minuto,минута,minuto,minut
strong,fort,fuerte,stark,fort,silny,Forte,сильный,forte,stark
special,especial,especial,Besondere,spécial,specjalny,especial,специальный,speciale,särskild
mind,ment,mente,Geist,dérange,umysł,mente,разум,mente,sinne
behind,darrere,detrás,hinter,derrière,za,atras do,позади,dietro,Bakom
clear,clar,claro,klar,dégager,jasne,Claro,Чисто,chiaro,klar
tail,cua,cola,Schwanz,queue,ogon,rabo,хвост,coda,svans
produce,produeix,producir,produzieren,produire,produkować,produzir,производить,produrre,producera
fact,fet,hecho,Tatsache,fait,fakt,facto,факт,fatto,faktum
space,espai,espacio,Platz,espace,przestrzeń,espaço,пространство,spazio,Plats
heard,sentit,Escuchó,gehört,entendu,usłyszał,ouviu,слышал,sentito,hörd
best,millor,mejor,Beste,meilleur,Najlepsza,melhor,Лучший,migliore,bäst
hour,hores,hora,Stunde,heure,godzina,hora,час,ora,timme
better,millor,mejor,besser,meilleur,lepiej,Melhor,лучше,meglio,bättre
TRUE,cert,CIERTO,STIMMT,vrai,PRAWDA,VERDADE,ПРАВДА,VERO,SANN
during,durant,durante,während,durant,w trakcie,durante,в течение,in occasione,under
hundred,cent,ciento,hundert,cent,sto,centenas,сотня,centinaio,hundra
five,llit,cinco,fünf,cinq,pięć,cinco,пять,cinque,fem
remember,recordar,recuerda,denken Sie daran,rappelles toi,Zapamiętaj,lembrar,запомнить,ricordare,kom ihåg
step,pas,paso,Schritt,marcher,krok,degrau,шаг,fare un passo,steg
early,primerenca,temprano,frühzeitig,tôt,wczesny,cedo,рано,presto,tidigt
hold,mantenir,mantener,halt,tenir,utrzymać,aguarde,держать,presa,håll
west,oest,Oeste,Westen,Ouest,Zachód,Oeste,западный,ovest,väst
ground,sòl,terrestre,Boden,terrain,grunt,chão,земля,terra,jord
interest,interès,interés,Interesse,intérêt,odsetki,interesse,интерес,interesse,intressera
reach,arribar,alcanzar,erreichen,atteindre,zasięg,alcançar,достигать,portata,nå
fast,ràpid,rápido,schnell,vite,szybki,velozes,быстро,veloce,snabb
verb,verb,verbo,Verb,verbe,czasownik,verbo,глагол,verbo,verb
sing,cantar,cantar,singen,chanter,śpiewać,canta,петь,cantare,sjunga
listen,escoltar,escuchar,Hören,Ecoutez,słuchać,ouço,Слушать,ascoltare,lyssna
six,passeig,seis,sechs,six,sześć,seis,шесть,sei,sex
table,taula,mesa,Tisch,table,stół,tabela,стол,tavolo,tabell
travel,viatges,viajar,reisen,voyager,podróż,viagem,путешествовать,viaggiare,resa
less,menys,menos,weniger,moins,mniej,menos,меньше,meno,mindre
morning,demà,Mañana,Morgen,Matin,rano,manhã,утро,mattina,morgon-
ten,estrany,diez,zehn,Dix,dziesięć,dez,десять,dieci,tio
simple,simple,simple,einfach,Facile,prosty,simples,просто,semplice,enkel
several,diversos,varios,mehrere,plusieurs,kilka,de várias,несколько,parecchi,flera
vowel,vocal,vocal,Vokal,voyelle,samogłoska,vogal,гласный звук,vocale,vokal
toward,cap,hacia,zu,vers,w kierunku,na direção,к,verso,mot
war,guerra,guerra,Krieg,guerre,wojna,guerra,война,guerra,krig
lay,establir,poner,legen,allonger,kłaść,colocar,класть,posizione,lägga
against,contra,contra,gegen,contre,przeciwko,contra,против,contro,mot
pattern,patró,patrón,Muster,motif,wzorzec,padronizar,шаблон,modello,mönster
slow,lenta,lento,langsam,lent,wolny,lento,медленный,Lento,långsam
center,centre,centro,Center,centre,środek,Centro,центр,centro,Centrum
love,estimar,amor,Liebe,aimer,kocham,amor,любовь,amore,kärlek
person,persona,persona,Person,la personne,osoba,pessoa,человек,persona,person
money,diners,dinero,Geld,argent,pieniądze,dinheiro,Деньги,i soldi,pengar
serve,servir,atender,Dienen,servez,obsługiwać,servir,обслуживать,servire,tjäna
appear,apareixerà,Aparecer,erscheinen,apparaître,pojawić się,aparecer,появляться,apparire,dyka upp
road,carretera,la carretera,Straße,route,droga,estrada,Дорога,strada,väg
map,mapa,mapa,Karte,carte,mapa,mapa,карта,carta geografica,Karta
rain,pluja,lluvia,Regen,pluie,deszcz,chuva,дождь,piovere,regn
rule,regla,regla,Regel,régner,reguła,regra,правило,regola,regel
govern,governar,regir,regieren,gouverne,rządzić,governo,управляющий,governare,styra
pull,halar,jalar,ziehen,tirer,ciągnąć,puxar,тянуть,tiro,dra
cold,fred,frío,kalt,froid,przeziębienie,resfriado,холодно,freddo,kall
notice,avís,aviso,Notiz,remarquer,zauważyć,perceber,уведомление,Avviso,lägga märke till
voice,veu,voz,Stimme,voix,głos,voz,голос,voce,röst
energy,energia,energía,Energie,énergie,energia,energia,энергия,energia,energi
hunt,caça,caza,Jagd,chasse,polowanie,caçar,охотиться,caccia,jaga
probable,probable,probable,wahrscheinlich,probable,prawdopodobny,provável,Вероятный,probabile,sannolik
bed,llit,cama,Bett,lit,łóżko,cama,кровать,letto,säng
brother,germà,hermano,Bruder,frère,brat,irmão,брат,fratello,bror
egg,ou,huevo,Ei,Oeuf,jajko,ovo,яйцо,uovo,ägg
ride,passeig,conducir,Reiten,balade,jeździć,passeio,поездка,giro,rida
cell,cellular,célula,Zelle,cellule,komórka,célula,клетка,cellula,cell
believe,creure,creer,glauben,croire,uważać,acreditam,полагать,ritenere,tro
perhaps,potser,quizás,vielleicht,peut-être,być może,talvez,возможно,forse,kanske
pick,recollir,elegir,wählen,prendre,wybierać,escolha,выбирать,scegliere,plocka
sudden,sobtada,repentino,plötzlich,soudain,nagły,repentino,внезапный,improvviso,plötslig
count,comptar,contar,zählen,compter,liczyć,contar,считать,contare,räkna
square,plaça,cuadrado,Quadrat,carré,kwadrat,quadrado,площадь,quadrato,fyrkant
reason,raó,razón,Grund,raison,powód,razão,причина,Motivo,anledning
length,longitud,longitud,Länge,longueur,długość,comprimento,длина,lunghezza,längd
represent,representar,representar,vertreten,représenter,przedstawiać,representar,представлять,rappresentare,representera
art,art,Arte,Kunst,art,sztuka,arte,искусство,arte,konst
subject,subjecte,tema,Thema,matière,Przedmiot,sujeito,предмет,materia,ämne
region,regió,región,Region,Région,region,região,область,regione,område
size,mida,Talla,Größe,Taille,rozmiar,Tamanho,размер,taglia,storlek
vary,variar,variar,variieren,varier,różnić się,variar,отличаться,variare,variera
settle,resoldre,asentarse,siedeln,régler,rozstrzygnąć,resolver,решить,fissare,bosätta sig
speak,parlar,hablar,sprechen,parler,mówić,falar,говорить,parlare,tala
weight,pes,peso,Gewicht,lester,waga,peso,масса,il peso,vikt
general,engeneral,general,Allgemeines,général,ogólny,em geral,Генеральная,generale,allmän
ice,gel,hielo,Eis,la glace,lód,gelo,лед,Ghiaccio,is
matter,qüestió,asunto,Angelegenheit,question,materiał,matéria,иметь значение,importa,materia
circle,cercle,circulo,Kreis,cercle,okrąg,círculo,круг,cerchio,cirkel
pair,parell,par,Paar,paire,para,par,пара,coppia,par
include,incloure,incluir,enthalten,comprendre,włączać,incluir,включают,includere,omfatta
divide,bretxa,dividir,teilen,diviser,dzielić,dividir,разделять,dividere,dela upp
syllable,síl·laba,sílaba,Silbe,syllabe,sylaba,sílaba,слог,sillaba,stavelse
felt,sentit,sintió,fühlte,feutre,filc,sentiu,чувствовала,provato,känt
grand,grand,grandioso,Grand,grandiose,wielki,grande,гранд,mille dollari,stor
ball,bola,pelota,Ball,Balle,piłka,bola,мяч,sfera,boll
yet,encara,aún,noch,encore,już,ainda,пока что,ancora,än
wave,onada,ola,Welle,vague,fala,aceno,волна,onda,Vinka
drop,caure,soltar,fallen,goutte,upuszczać,derrubar,уронить,far cadere,släppa
heart,cor,corazón,Herz,cœur,serce,coração,сердце,cuore,hjärta
am,am,soy,bin,un m,jestem  ,sou,являюсь,sono,Jag är
present,aquest,presente,gegenwärtig,cadeau,teraźniejszość,presente,подарок,regalo,närvarande
heavy,pesada,pesado,schwer,lourd,ciężki,pesado,тяжелый,pesante,tung
dance,dansa,baile,tanzen,Danse,taniec,dança,танец,danza,dansa
engine,motor,motor,Motor,moteur,silnik,motor,двигатель,motore,motor
position,posició,posición,Position,position,pozycja,posição,должность,posizione,placera
arm,braç,brazo,Arm,bras,ramię,braço,рука,braccio,ärm
wide,àmplia,amplio,breit,large,szeroki,largo,широкий,largo,bred
sail,vela,navegar,Segel,naviguer,żagiel,velejar,плыть,navigare,segla
material,materials,material,Material,Matériel,materiał,material,материал,Materiale,material
fraction,fracció,fracción,Fraktion,fraction,frakcja,fração,дробная часть,frazione,fraktion
forest,bosc,bosque,Wald,forêt,las,floresta,лес,foresta,skog
sit,seure,sentar,mach Sitz,asseoir,siedzieć,sentar,сидеть,sedersi,sitta
race,carrera,la raza,Rennen,course,Wyścig,corrida,гонка,gara,lopp
window,finestra,ventana,Fenster,la fenêtre,okno,janela,окно,finestra,fönster
store,botiga,Tienda,Laden,boutique,sklep,armazenar,хранить,negozio,Lagra
summer,estiu,el verano,Sommer,été,lato,verão,лето,estate,sommar
train,tren,tren,Zug,former,pociąg,Comboio,тренироваться,treno,tåg
sleep,somni,dormir,schlafen,dormir,spać,dorme,спать,dormire,sova
prove,demostrar,demostrar,beweisen,prouver,udowodnić,provar,доказывать,dimostrare,bevisa
lone,solitari,solitario,einsam,seul,samotny,solitário,одинокий,solitario,ensam
leg,cama,pierna,Bein,jambe,noga,perna,нога,gamba,ben
exercise,exercici,ejercicio,Übung,exercer,ćwiczenie,exercício,упражнение,esercizio,träning
wall,paret,pared,Mauer,mur,Ściana,muro,стена,parete,vägg
catch,captures,captura,Fang,attraper,złapać,truque,ловить,presa,fånga
mount,muntatge,montar,montieren,monter,uchwyt,montar,устанавливать,montare,montera
wish,desitjos,deseo,Wunsch,souhaiter,życzenie,desejar,желание,desiderio,önskar
sky,cel,cielo,Himmel,ciel,niebo,céu,небо,cielo,himmel
board,bord,junta,Tafel,planche,tablica,quadro,доска,asse,styrelse
joy,alegria,alegría,Freude,joie,radość,alegria,радость,la gioia,glädje
winter,hivern,invierno,Winter,l'hiver,zima,inverno,зима,inverno,vinter-
sat,sat,se sentó,Sa,assis,Sat,sentado,сидел,sab,sat
written,escrit,escrito,geschrieben,écrit,pisemny,escrito,написано,scritto,skriven
wild,salvatge,salvaje,wild,sauvage,dziki,selvagem,дикий,selvaggio,vild
instrument,instrument,instrumento,Instrument,instrument,instrument,instrumento,инструмент,strumento,instrument
kept,guardat,mantuvo,gehalten,gardé,trzymane,mantido,сохраняется,tenuto,hållen
glass,vidre,vidrio,Glas,verre,szkło,vidro,стакан,bicchiere,glas
grass,herba,césped,Gras,herbe,trawa,Relva,трава,erba,gräs
cow,vaca,vaca,Kuh,vache,krowa,vaca,корова,mucca,ko
job,treball,trabajo,Arbeit,travail,stanowisko,trabalho,работа,lavoro,jobb
edge,vora,borde,Kante,bord,Brzeg,borda,край,bordo,kant
sign,signe,señal,Schild,pancarte,podpisać,sinal,знак,cartello,tecken
visit,visita,visitar,Besuch,visite,wizyta,Visita,посещать,visitare,besök
past,passat,pasado,vorbei an,passé,po,passado,мимо,passato,dåtid
soft,suau,suave,Sanft,tendre,miękki,suave,мягкий,morbido,mjuk
fun,diversió,divertida,Spaß,amusement,zabawa,Diversão,весело,divertimento,roligt
bright,brillant,brillante,hell,brillant,jasny,brilhante,яркий,luminosa,ljus
gas,gas,gas,Gas,gaz,gaz,gás,газ,gas,gas
weather,temps,clima,Wetter,Météo,pogoda,tempo,погода,tempo atmosferico,väder
month,mes,mes,Monat,mois,miesiąc,mês,месяц,mese,månad
million,milions,millón,Million,million,milion,milhão,миллион,milione,miljon
bear,suportar,llevar,Bär,ours,niedźwiedź,urso,медведь,orso,Björn
finish,acabat,finalizar,Fertig,terminer,koniec,Finalizar,финиш,finire,Avsluta
happy,feliç,contento,glücklich,heureux,szczęśliwy,feliz,счастливый,felice,Lycklig
hope,espere,esperar,Hoffnung,espoir,nadzieja,ter esperança,надеяться,speranza,hoppas
flower,flor,flor,Blume,fleur,kwiat,flor,цветок,fiore,blomma
clothe,vestir,vestir,kleiden,vêtir,odziać,vestir,одеял,vestito,kläda
strange,estrany,extraño,seltsam,étrange,dziwny,estranho,странный,strano,konstig
gone,anat,desaparecido,Weg,disparu,odszedł,se foi,прошло,andato,borta
trade,comerç,comercio,handeln,Commerce,handel,troca,торговля,commercio,handel
melody,melodia,melodía,Melodie,mélodie,melodia,melodia,мелодия,melodia,melodi
trip,viatge,viaje,Reise,voyage,wycieczka,viagem,путешествие,viaggio,resa
office,oficina,oficina,Büro,Bureau,gabinet,escritório,офис,ufficio,kontor
receive,rebre,recibir,erhalten,recevoir,odbierać,receber,Получать,ricevere,motta
row,fila,fila,die Zeile,ligne,wiersz,fileira,строка,riga,rad
mouth,boca,boca,Mund,bouche,usta,boca,рот,bocca,mun
exact,exacta,exacto,genau,exact,dokładny,exato,точный,esatto,exakt
symbol,símbol,símbolo,Symbol,symbole,symbol,símbolo,символ,simbolo,symbol
die,morir,morir,sterben,mourir,umierać,morrer,умереть,morire,dö
least,menys,el menos,am wenigsten,moins,najmniej,ao menos,наименее,meno,minst
trouble,problemes,problema,Problem,difficulté,kłopot,problema,беда,problemi,problem
shout,crit,grito,schreien,cri,krzyczeć,gritar,кричать,gridare o urlare,skrika
except,excepte,excepto,außer,à l'exception,oprócz,exceto,кроме,tranne,bortsett från
wrote,escriure,escribió,schrieb,a écrit,napisał,escreveu,написал,ha scritto,skrev
seed,llavors,semilla,Samen,planter,nasionko,semente,семя,seme,utsäde
tone,to,tono,Ton,Ton,ton,tom,тон,tono,tona
join,unir-se,unirse,beitreten,rejoindre,Przystąp,Junte,присоединиться,giuntura,Ansluta sig
suggest,suggerir,sugerir,empfehlen,suggérer,sugerować,sugerir,предложить,suggerire,föreslå
clean,neta,limpio,sauber,nettoyer,czysty,limpar,чистый,pulire,rena
break,ruptura,descanso,Unterbrechung,Pause,przerwanie,parar,ломать,rompere,ha sönder
lady,dama,dama,Dame,la demoiselle,dama,senhora,леди,signora,lady
yard,pati,yarda,Hof,cour,dziedziniec,Jardim,площадка,cortile,gård
rise,augmentant,elevar,Aufstieg,monter,wzrastać,subir,подниматься,salita,stiga
bad,dolent,malo,Schlecht,mal,zły,mau,Плохо,cattivo,dålig
blow,cop,explotar,Schlag,souffler,cios,golpe,дуть,soffio,blåsa
oil,oli,aceite,Öl,pétrole,olej,óleo,масло,olio,olja
blood,sang,sangre,Blut,du sang,krew,sangue,кровь,sangue,blod
touch,tocar,tocar,berühren,toucher,dotykać,toque,трогать,tocco,Rör
grew,créixer,creció,wuchs,faire grandir,dorastał,cresceu,вырос,è cresciuto,växte
cent,cent,centavo,Cent,cent,cent,cent,цент,cent,cent
mix,barrejar,mezcla,mischen,mélanger,mieszać,misturar,смешивание,mescolare,blanda
team,equip,equipo,Mannschaft,équipe,zespół,equipe,команда,squadra,team
wire,filferro,cable,Kabel,fil,drut,arame,провод,filo,tråd
cost,cost,costo,kosten,Coût,koszt,custo,Стоимость,costo,kosta
lost,perdut,perdió,verirrt,perdu,Stracony,perdido,потерял,perduto,förlorat
brown,brown,marrón,braun,brun,brązowy,Castanho,коричневый,Marrone,brun
wear,desgast,tener puesto,tragen,usure,nosić ,vestem,носить,indossare,ha på sig
garden,jardí,jardín,Garten,jardin,ogród,jardim,сад,giardino,trädgård
equal,igual,igual,gleich,égal,równy,igual,равный,pari,likvärdig
sent,enviat,enviado,gesendet,expédié,wysłano,enviado,послал,spedito,skickad
choose,triar,elegir,wählen,choisir,wybierać,escolher,выбирать,scegliere,välja
fell,caure,cayó,fiel,abattre,spadł,caiu,упал,caduto,föll
fit,encaixar,adaptar,fit,adapter,pasować,em forma,поместиться,in forma,passa
flow,fluir,caudal,fließen,couler,pływ,fluxo,поток,fluire,flöde
fair,just,justa,Messe,équitable,sprawiedliwy,feira,справедливый,giusto,rättvis
bank,banc,banco,Bank,banque,Bank,banco,банк,banca,Bank
collect,recollir,recoger,sammeln,recueillir,zebrać,coletar,собирать,raccogliere,samla
save,guardar,ahorrar,sparen,enregistrer,ratować,Salve ,спасти,Salva,spara
decimal,decimal,decimal,Dezimal,décimal,dziesiętny,decimal,десятичный,decimale,decimal-
ear,sentit,oído,Ohr,oreille,ucho,orelha,ухо,orecchio,öra
else,altres,más,anders,autre,w przeciwnym razie,senão,еще,altro,annan
quite,bastant,bastante,ziemlich,assez,całkiem,bastante,довольно,piuttosto,ganska
broke,trencar,rompió,Pleite,cassé,zepsuł się,quebrou,сломанный,rotto,pank
case,cas,caso,Fall,Cas,walizka,caso,кейс,Astuccio,fall
middle,mitjà,medio,Mitte,milieu,środek,meio,середина,mezzo,mitten
kill,matar,matar,töten,tuer,zabić,matar,убийство,uccisione,döda
son,fill,hijo,Sohn,fils,syn,filho,сын,figlio,son
lake,llac,lago,See,Lac,jezioro,lago,озеро,lago,sjö
moment,moment,momento,Moment,moment,za chwilę,momento,мгновенный,momento,ögonblick
scale,escala,escala,Skala,échelle,skala,escala,шкала,scala,skala
loud,veualta,alto,laut,fort,głośno,alto,громкий,ad alta voce,högt
spring,primavera,primavera,Frühling,le printemps,wiosna,primavera,весна,molla,vår
observe,observar,observar,beobachten,observer,przestrzegać,observar,наблюдать,osservare,observera
child,nen,niño,Kind,enfant,dziecko,filho,ребенок,bambino,barn
straight,recta,directo,gerade,droit,proste,direto,прямой,dritto,hetero
consonant,consonant,consonante,Konsonant,consonne,spółgłoska,consoante,согласный,consonante,konsonant
nation,nació,nación,Nation,nation,naród,nação,нация,nazione,nation
dictionary,diccionari,diccionario,Wörterbuch,dictionnaire,słownik,dicionário,толковый словарь,dizionario,lexikon
milk,llet,Leche,Milch,Le Lait,mleko,leite,молоко,latte,mjölk
speed,velocitat,velocidad,Geschwindigkeit,la rapidité,prędkość,Rapidez,скорость,velocità,fart
method,mètode,método,Methode,méthode,metoda,método,метод,metodo,metod
organ,òrgan,Organo,Organ,organe,organ,órgão,орган,organo,organ
pay,pagar,pagar,Zahlen,Payer,płacić,pagar,платить,pagare,betala
age,edat,años,das Alter,âge,wiek,era,возраст,età,ålder
section,secció,sección,Sektion,section,Sekcja,seção,раздел,sezione,sektion
dress,vestit,vestir,Kleid,robe,sukienka,vestir,платье,vestire,klänning
cloud,núvol,nube,Wolke,nuage,Chmura,nuvem,облако,nube,moln
surprise,sorpresa,sorpresa,Überraschung,surprendre,niespodzianka,surpresa,Сюрприз,sorpresa,överraskning
quiet,tranquil,tranquilo,ruhig,calme,cichy,tranquilo,тихо,silenzioso,tyst
stone,pedra,piedra,Stein,pierre,złóg,pedra,камень,calcolo,sten
tiny,petit,diminuto,sehr klein,minuscule,malutki,minúsculo,крошечный,minuscolo,mycket liten
climb,ascens,subida,steigen,monter,wspinać się,escalar,взбираться,salita,klättra
cool,fresc,Frío,Kalt,cool,Fajny,legal,Круто,freddo,Häftigt
design,disseny,diseño,Entwurf,motif,projekt,Projeto,дизайн,disegno,design
poor,pobres,pobre,Arm,pauvre,słaby,pobre,бедный,povero,fattig
lot,molt,lote,viel,parcelle,działka,muito,много,quantità,massa
experiment,experiment,experimento,Experiment,expérience,eksperyment,experimentar,эксперимент,sperimentare,experimentera
bottom,inferior,abajo,Unterseite,fond,na dole,fundo,нижний,parte inferiore,botten
key,clau,llave,Schlüssel,clé,klucz,chave,ключ,chiave,nyckel-
iron,ferro,planchar,Eisen,le fer,żelazo,ferro,утюг,ferro da stiro,järn
single,sola,único,Single,Célibataire,pojedynczy,solteiro,не замужем,separare,enda
stick,pal,palo,Stock,coller,stick,grudar,палка,bastone,pinne
flat,plana,plano,eben,appartement,mieszkanie,apartamento,плоский,piatto,platt
twenty,vint,veinte,zwanzig,vingt,dwadzieścia,vinte,двадцать,venti,tjugo
skin,pell,piel,Haut,peau,skóra,pele,кожа,pelle,hud
smile,somriure,sonreír,lächeln,le sourire,uśmiech,sorriso,улыбка,Sorridi,leende
crease,plec,pliegue,Falte,pli,marszczyć,vinco,складка,piega,veck
hole,forat,agujero,Loch,trou,otwór,buraco,отверстие,buco,hål
jump,saltar,salto,springen,saut,skok,pular,Прыжок,salto,hoppa
baby,nadó,bebé,Baby,bébé,Dziecko,bebê,малыш,bambino,bebis
eight,tipus,ocho,acht,huit,osiem,oito,восемь,otto,åtta
village,poble,aldea,Dorf,village,wieś,Vila,деревня,villaggio,by
meet,reuneixen,reunir,Treffen,rencontrer,spotykać się,encontrar,встретиться,incontrare,träffa
root,arrel,raíz,Wurzel,racine,źródło,raiz,корень,radice,rot
buy,comprar,comprar,Kaufen,acheter,Kup,Comprar,купить,acquistare,köpa
raise,augmentar,elevar,heben,soulever,podnieść,levantar,поднимать,aumentare,höja
solve,resoldre,resolver,lösen,résoudre,rozwiązywać,resolver,решать,risolvere,lösa
metal,metall,metal,Metall,métal,metal,metal,металл,metallo,metall
whether,si,ya sea,ob,qu'il s'agisse,czy,se,будь то,se,huruvida
push,empènyer,empujar,drücken,pousser,naciskać,Empurre,толкать,spingere,tryck
seven,caràcter,Siete,Sieben,Sept,siedem,Sete,Семь,Sette,sju
paragraph,paràgraf,párrafo,Absatz,paragraphe,ustęp,parágrafo,параграф,paragrafo,paragraf
third,tercer,tercera,dritte,troisième,trzeci,terceiro,в третьих,Terzo,tredje
shall,haurà,deberá,soll,devoir,być,deve,должен,deve,skall
held,held,retenida,gehaltenen,tenu,trzymany,guardado,проводится,tenuto,hållen
hair,pèl,pelo,Haar,Cheveu,włosy,cabelo,волосы,capelli,hår
describe,descriure,describir,beschreiben,décris,opisać,descrever,описывать,descrivere,beskriva
cook,cuiner,cocinero,Koch,cuisinier,gotować,cozinheiro,готовить пищу,cucinare,laga mat
floor,pis,piso,Boden,sol,piętro,piso,пол,pavimento,golv
either,sigui,o,entweder,Soit,zarówno,qualquer,либо,o,antingen
result,resultat,resultado,Ergebnis,résultat,wynik,resultado,результат,risultato,resultat
burn,cremar,quemar,brennen,brûler,oparzenie,queimar,гореть,bruciare,bränna
hill,turó,Cerro,hügel,colline,wzgórze,colina,холм,collina,kulle
safe,segur,seguro,sicher,sûr,bezpieczny,seguro,Безопасно,sicuro,säker
cat,cat,gato,Katze,chat,kot,gato,кошка,gatto,katt
century,segle,siglo,Jahrhundert,siècle,wiek,século,век,secolo,århundrade
consider,considerar,considerar,Erwägen,envisager,rozważać,considerar,рассмотреть возможность,ritenere,överväga
type,tipus,escribe,Typ,taper,rodzaj,modelo,тип,genere,typ
law,llei,ley,Gesetz,droit,prawo,lei,закон,legge,lag
bit,bit,un poco,bisschen,bit,fragment,pedaço,кусочек,morso,bit
coast,costa,costa,Küste,côte,Wybrzeże,costa,морской берег,costa,kust
copy,còpia,Copiar,Kopieren,copie,Kopiuj,cópia de,копия,copia,kopiera
phrase,frase,frase,Phrase,phrase,wyrażenie,frase,фраза,frase,fras
silent,silenci,silencioso,Leise,silencieux,cichy,silencioso,тихий,silenzioso,tyst
tall,altura,alto,hoch,haut,wysoki,alta,высокий,alto,lång
sand,sorra,arena,Sand,le sable,piasek,areia,песок,sabbia,sand
soil,sòl,suelo,Boden,sol,gleba,solo,почвы,suolo,jord
roll,rotllo,rodar,rollen,rouleau,rolka,lista,рулон,rotolo,rulla
temperature,temperatura,la temperatura,Temperatur,Température,temperatura,temperatura,температура,temperatura,temperatur
finger,dit,dedo,Finger,doigt,palec,dedo,Палец,dito,finger
industry,indústria,industria,Industrie,industrie,przemysł,indústria,промышленность,industria,industri
value,valor,valor,Wert,évaluer,wartość,valor,ценность,valore,värde
fight,lluita,lucha,Kampf,lutte,walka,lutar,Борьба,combattere,bekämpa
lie,mentida,mentir,Lüge,mentir,kłamstwo,mentira,ложь,menzogna,lögn
beat,batre,derrotar,schlagen,battre,bić,bater,бить,colpo,slå
excite,excitar,excitar,begeistern,exciter,podniecać,excitar,волновать,eccitare,excitera
natural,naturals,natural,natürlich,Naturel,naturalny,natural,естественный,naturale,naturlig
view,vista,vista,Aussicht,voir,pogląd,Visão,Посмотреть,Visualizza,se
sense,sentit,sentido,Sinn,sens,sens,senso,смысл,senso,känsla
chair,cadira,silla,Stuhl,chaise,krzesło,cadeira,стул,sedia,stol
danger,perill,peligro,Achtung,danger,zagrożenie,perigo,Опасность,Pericolo,fara
fruit,fruita,Fruta,Obst,fruit,owoc,fruta,фрукты,frutta,frukt
rich,rica,rico,Reich,riche,bogaty,rico,богатый,ricco,rik
thick,gruix,grueso,dick,épais,gruby,espesso,толстый,spesso,tjock
soldier,soldat,soldado,Soldat,soldat,żołnierz,soldado,солдат,soldato,soldat
process,procés,proceso,Prozess,traiter,proces,processo,процесс,processi,bearbeta
operate,operar,funcionar,arbeiten,fonctionner,obsługiwać,operar,работать,operare,fungera
practice,pràctica,práctica,trainieren,pratique,ćwiczyć,prática,упражняться,la pratica,öva
separate,separada,separado,getrennt,séparé,oddzielny,separado,отдельный,separato,separat
difficult,difícil,difícil,schwierig,difficile,trudny,difícil,сложно,difficile,svår
doctor,metge,médico,Arzt,docteur,lekarz,médico,доктор,medico,läkare
please,plau,por favor,bitte,s'il vous plaît,Proszę,por favor,пожалуйста,per favore,snälla du
protect,protegir,proteger,beschützen,protéger,chronić,proteger,защищать,proteggere,skydda
noon,migdia,mediodía,Mittag,midi,południe,meio-dia,полдень,mezzogiorno,middag
crop,cultius,cultivo,Ernte,recadrer,przyciąć,colheita,обрезать,Ritaglia,beskära
modern,moderna,moderno,modern,moderne,nowoczesny,moderno,современный,moderno,modern
element,element,elemento,Element,élément,element,elemento,элемент,elemento,element
hit,colpejar,pegar,Schlag,succès,uderzyć,acertar,хит,colpo,träffa
student,estudiant,alumno,Schüler,étudiant,student,aluna,ученик,alunno,studerande
corner,cantonada,esquina,Ecke,coin,narożnik,canto,угол,angolo,hörn
party,partit,fiesta,Party,faire la fête,przyjęcie,Festa,партия,festa,fest
supply,subministrament,suministro,liefern,la fourniture,dostarczać,fornecer,поставлять,la fornitura,tillförsel
whose,el,cuyo,Deren,à qui,którego,de quem,чья,il cui,vars
locate,localitzar,localizar,Lokalisieren,Localiser,Znajdź,localizar,найти,individuare,lokalisera
ring,anell,anillo,Ring,bague,dzwonić,anel,звенеть,squillo,ringa
character,caràcter,personaje,Charakter,personnage,postać,personagem,персонаж,carattere,karaktär
insect,insectes,insecto,Insekt,insecte,owad,inseto,насекомое,insetto,insekt
caught,capturat,capturado,erwischt,attrapé,złapany,apanhado,пойманный,catturato,fångad
period,període,período,Zeitraum,période,Kropka,período,период,periodo,period
indicate,indicar,indicar,angeben,indiquer,wskazać,indicar,указывать,indicare,ange
radio,ràdio,radio,Radio,radio,radio,rádio,радио,Radio,radio
spoke,parlar,habló,gesprochen,parlait,przemówił,falou,говорил,ha parlato,eker
atom,àtom,átomo,Atom,atome,atom,átomo,атом,atomo,atom
human,humà,humano,Mensch,Humain,człowiek,humano,человек,umano,mänsklig
history,història,historia,Geschichte,l'histoire,historia,história,история,storia,historia
effect,efecte,efecto,Wirkung,effet,efekt,efeito,эффект,effetto,effekt
electric,elèctrica,eléctrico,elektrisch,électrique,elektryczny,elétrico,электрический,elettrico,elektrisk
expect,esperar,suponer,erwarten von,attendre,oczekiwać,Espero,ожидать,aspettare,förvänta
bone,os,hueso,Knochen,os,kość,osso,кость,osso,ben
rail,ferrocarril,carril,Schiene,rail,szyna,trilho,железнодорожный,rotaia,järnväg
imagine,imaginar,imaginar,vorstellen,imaginer,wyobrażać sobie,Imagine,представить,immaginare,tänka
provide,proporcionar,proveer,zur Verfügung stellen,apporter,dostarczać,providenciar,предоставлять,fornire,förse
agree,acord,aceptar,zustimmen,Je suis d'accord,Zgodzić się,aceita,соглашаться,essere d'accordo,hålla med
thus,pertant,de este modo,daher,Donc,zatem,portanto,таким образом,così,Således
gentle,suau,amable,sanft,doux,delikatny,□ Gentil,нежный,gentile,mild
woman,dona,mujer,Frau,femme,kobieta,mulher,женщина,donna,kvinna
captain,capità,capitán,Kapitän,capitaine,kapitan,capitão,капитан,Capitano,kapten
guess,endevinar,adivinar,erraten,deviner,zgadywać,acho,предполагать,indovinare,gissa
necessary,necessari,necesario,notwendig,nécessaire,niezbędny,necessário,необходимый,necessario,nödvändig
sharp,agut,agudo,Scharf,tranchant,ostry,afiado,острый,affilato,skarp
wing,ala,ala,Flügel,aile,skrzydło,asa,крыло,ala,vinge
create,crear,crear,schaffen,créer,Stwórz,crio,Создайте,creare,skapa
neighbor,veí,Vecino,Nachbar,voisine,sąsiad,vizinho,сосед,vicino di casa,granne
wash,rentat,lavar,waschen,lavage,myć się,lavagem,мыть,lavare,tvätta
bat,bat,murciélago,Schläger,chauve souris,nietoperz,bastão,летучая мышь,pipistrello,fladdermus
rather,lloc,bastante,eher,plutôt,raczej,em vez de,скорее,piuttosto,snarare
crowd,multitud,multitud,Menge,foule,tłum,multidão,толпа,folla,folkmassan
corn,blatdemoro,maíz,Mais,maïs,kukurydza,milho,кукуруза,Mais,majs
compare,comparar,comparar,vergleichen,comparer,porównywać,comparar,сравнивать,confrontare,jämföra
poem,poema,poema,Gedicht,poème,wiersz,poema,стих,poesia,dikt
string,string,cuerda,Saite,chaîne de caractères,strunowy,corda,нить,corda,sträng
bell,campana,campana,Glocke,cloche,dzwon,Sino,колокол,campana,klocka
depend,dependrà,depender,abhängen,dépendre,zależeć,depender,зависеть,dipendere,bero
meat,carn,carne,Fleisch,Viande,mięso,eu no,мясо,la carne,kött
rub,rub,frotar,reiben,frotter,pocierać,esfregar,натирать,strofinare,gnugga
tube,tub,tubo,Rohr,tube,rura,tubo,трубка,tubo,rör
famous,famosa,famoso,berühmt,célèbre,słynny,famoso,известный,famoso,känd
dollar,dòlar,dólar,Dollar,dollar,dolar,dólar,доллар,dollaro,dollar
stream,corrent,corriente,Strom,flux,strumień,fluxo,ручей,flusso,ström
fear,por,miedo,Furcht,craindre,strach,temer,страх,paura,rädsla
sight,vista,visión,Sicht,vue,widok,visão,зрение,vista,syn
thin,prima,delgada,dünn,mince,cienki,fino,тонкий,sottile,tunn
triangle,triangle,triángulo,Dreieck,Triangle,trójkąt,triângulo,треугольник,triangolo,triangel
planet,planeta,planeta,Planet,planète,planeta,planeta,планета,pianeta,planet
hurry,pressa,apuro,sich beeilen,dépêche toi,spieszyć się,pressa,торопиться,fretta,skynda
chief,cap,jefe,Chef,chef,szef,chefe,главный,capo,chef
colony,colònia,colonia,Kolonie,colonie,kolonia,colônia,колония,colonia,koloni
clock,rellotge,reloj,Uhr,l'horloge,zegar,relógio,Часы,orologio,klocka
mine,mina,mía,Mine,mien,moje,minha,мой,il mio,mina
tie,empat,Corbata,binden,cravate,krawat,gravata,галстук,legare,slips
enter,entrar,ingresar,Eintreten,Entrer,wejść,digitar,войти,accedere,stiga på
major,important,importante,Haupt,Majeur,poważny,formar-se,главный,principale,större
fresh,fresc,nuevo,frisch,Frais,świeży,fresco,свежий,fresco,färsk
search,cerca,búsqueda,Suche,chercher,Szukaj,procurar,поиск,ricerca,Sök
send,enviar,enviar,senden,envoyer,wysłać,mandar,Отправить,inviare,skicka
yellow,groc,amarillo,gelb,jaune,żółty,amarelo,желтый,giallo,gul
gun,arma,pistola,Pistole,pistolet,pistolet,arma de fogo,пистолет,pistola,pistol
allow,permetre,permitir,ermöglichen,Autoriser,umożliwić,permitir,разрешать,permettere,tillåta
print,print,impresión,drucken,imprimer,wydrukować,imprimir,Распечатать,Stampa,skriva ut
dead,morts,muerto,tot,morte,nie żyje,morto,мертвых,morto,död
spot,lloc,lugar,Stelle,endroit,miejsce,ver,место,macchiare,fläck
desert,desert,Desierto,Wüste,désert,pustynia,deserto,пустыня,deserto,öken-
suit,vestit,traje,passen,costume,garnitur,Traje,подходить,completo da uomo,kostym
current,actual,Actual,aktuell,courant,obecny,atual,Текущий,attuale,nuvarande
lift,ascensor,levantar,Aufzug,lever,winda,levantar,поднимать,sollevare,hiss
rose,rosa,rosa,Rose,Rose,Róża,rosa,Роза,rosa,reste sig
arrive,arribar,llegar,ankommen,arriver,przyjechać,chegar,прибыть,arrivare,anlända
master,màster,Maestro,Meister,Maître,gospodarz,mestre,мастер,maestro,bemästra
track,pista,pista,Spur,Piste,tor,acompanhar,отслеживать,traccia,Spår
parent,pare,padre,Elternteil,parent,rodzic,pai,родительский,genitore,förälder
shore,riba,costa,Ufer,rive,Wybrzeże,costa,берег,costa,Strand
division,divisió,división,Aufteilung,division,podział,divisão,разделение,divisione,division
sheet,full,sábana,Blech,feuille,arkusz,Folha,лист,foglio,ark
substance,substància,sustancia,Substanz,substance,substancja,substância,вещество,sostanza,ämne
favor,afavorir,favor,favorisieren,favoriser,przychylność,Favor,услуга,favore,förmån
connect,connectar,conectar,verbinden,relier,łączyć,conectar,соединять,Collegare,ansluta
post,missatge,correo,Post,Publier,Poczta,publicar,почта,inviare,posta
spend,passar,gastar,verbringen,dépenser,spędzić,gasta,проводить,Spendere,spendera
chord,acord,acorde,Akkord,accord,akord,acorde,аккорд,accordo,ackord
fat,greix,grasa,fett,gros,tłuszcz,gordo,толстый,Grasso,fett
glad,content,contento,froh,content,zadowolony,alegre,радостный,lieto,glad
original,originals,original,Original,original,oryginał,original,оригинал,originale,original-
share,quota,Cuota,Teilen,partager,dzielić,compartilhar,Поделиться,Condividere,dela med sig
station,estació,estación,Bahnhof,station,stacja,estação,станция,stazione,station
dad,pare,papá,Papa,papa,tata,Papai,папа,papà,pappa
bread,pa,pan de molde,brot,pain,chleb,pão,хлеб,pane,bröd
charge,cobrar,cobrar,aufladen,charge,opłata,carregar,обвинение,carica,avgift
proper,adequada,correcto,richtig,correct,właściwy,apropriado,правильный,corretto,rätt
bar,bar,bar,Bar,bar,bar,bar,бар,sbarra,bar
offer,oferta,oferta,Angebot,offrir,oferta,oferta,предложение,offerta,erbjudande
segment,segment,segmento,Segment,segment,człon,segmento,сегмент,segmento,segmentet
slave,esclau,esclavo,Sklave,trimer,niewolnik,escravo,раб,schiavo,slav
duck,ànec,pato,Ente,canard,kaczka,pato,утка,anatra,Anka
instant,instantània,instante,sofortig,instantané,natychmiastowy,instante,мгновенный,immediato,omedelbar
market,mercat,mercado,Markt,marché,rynek,mercado,рынок,mercato,marknadsföra
degree,grau,la licenciatura,Grad,diplôme,stopień,grau,степень,livello,grad
populate,poblar,poblar,bevölkern,peupler,zaludniać,preencher,заполнять,popolare,befolka
chick,chick,polluelo,Küken,poussin,pisklę,Chick,птенца,pulcino,brud
dear,estimada,Estimado,Liebling,chère,droga,caro,Уважаемые,caro,Kära
enemy,enemic,enemigo,Feind,ennemi,wróg,inimigo,враг,nemico,fiende
reply,respondre,respuesta,Antwort,Réponse,Odpowiadać,responder,Ответить,rispondere,svar
drink,beguda,beber,Getränk,boisson,drink,beber,напиток,bere,dryck
occur,produir,ocurrir,geschehen,se produire,zdarzać się,ocorrer,происходить,verificarsi,inträffa
support,suport,apoyo,Unterstützung,Support,Pomoc,apoio,поддерживать,sostegno,Stöd
speech,discurs,discurso,Rede,parole,przemówienie,Fala,речь,discorso,Tal
nature,naturalesa,naturaleza,Natur,la nature,Natura,natureza,природа,natura,natur
range,gamma,rango,Angebot,intervalle,zasięg,variar,диапазон,gamma,räckvidd
steam,vapor,vapor,Dampf,vapeur,parowy,vapor,готовить на пару,vapore,ånga
motion,moviment,movimiento,Bewegung,mouvement,ruch,movimento,движение,movimento,rörelse
path,camí,sendero,Weg,chemin,ścieżka,caminho,дорожка,sentiero,väg
liquid,líquid,líquido,Flüssigkeit,liquide,płyn,líquido,жидкость,liquido,flytande
log,log,Iniciar sesión,Protokoll,Journal,dziennik,registro,журнал,tronco d'albero,logga
meant,significat,quiso decir,gemeint,censé,oznaczał,significou,имел ввиду,significava,avsiktlig
quotient,quocient,cociente,Quotient,quotient,iloraz,quociente,коэффициент,quoziente,kvot
teeth,dents,dientes,Zähne,les dents,zęby,dentes,зубы,denti,tänder
shell,intèrpret,caparazón,Hülse,coquille,powłoka,Concha,оболочка,guscio,skal
neck,coll,cuello,Nacken,cou,szyja,pescoço,шея,collo,nacke
oxygen,oxigen,oxígeno,Sauerstoff,oxygène,tlen,oxigênio,кислород,ossigeno,syre
sugar,sucre,azúcar,Zucker,du sucre,cukier,açúcar,сахар,zucchero,socker
death,mort,muerte,Tod,décès,śmierć,morte,смерть,Morte,död
pretty,bastant,bonita,hübsch,jolie,ładny,bonito,Симпатичная,bello,Söt
skill,habilitat,habilidad,Können,compétence,umiejętność,habilidade,навык,abilità,skicklighet
women,dones,mujeres,Frauen,femmes,kobiety,mulheres,женщины,donne,kvinnor
season,temporada,temporada,Jahreszeit,saison,pora roku,estação,время года,stagione,säsong
solution,solució,solución,Lösung,la solution,rozwiązanie,solução,решение,soluzione,lösning
magnet,imant,imán,Magnet,aimant,magnes,magnético,магнит,magnete,magnet
silver,plata,plata,Silber-,argent,srebro,prata,Серебряный,d'argento,silver-
thank,gràcies,gracias,danken,remercier,dziękować,obrigado,благодарить,Grazie,tacka
branch,branca,rama,Zweig,bifurquer,oddział,ramo,ответвляться,ramo,gren
match,partit,juego,passen,match,mecz,Combine,соответствие,incontro,match
suffix,sufix,sufijo,Suffix,suffixe,przyrostek,sufixo,суффикс,suffisso,ändelse
especially,especialment,especialmente,besonders,surtout,szczególnie,especialmente,особенно,specialmente,framförallt
fig,figa,higo,Feige,figure,Figa,FIG,Рис,Figura,fikon
afraid,por,atemorizado,besorgt,peur,przestraszony,com medo,боюсь,paura,rädd
huge,enorme,enorme,riesig,énorme,olbrzymi,enorme,огромный,enorme,enorm
sister,germana,hermana,Schwester,sœur,siostra,irmã,сестра,sorella,syster
steel,acer,acero,Stahl,acier,stal,aço,стали,acciaio,stål
discuss,discutir,conversar,diskutieren,discuter,omówić,discutir,обсуждать,discutere,diskutera
forward,endavant,delantero,nach vorne,vers l'avant,Naprzód,frente,вперед,inoltrare,fram-
similar,similars,similar,ähnlich,similaire,podobny,semelhante,похожий,simile,liknande
guide,guiar,guía,führen,guide,przewodnik,guia,руководство,guida,guide
experience,experiència,experiencia,Erfahrung,vivre,doświadczenie,experiência,опыт,Esperienza,erfarenhet
score,puntuació,puntaje,Punktzahl,score,wynik,pontuação,счет,punto,Göra
apple,poma,manzana,Apfel,Pomme,jabłko,maçã,яблоко,mela,äpple
bought,comprat,comprado,gekauft,acheté,kupił,comprado,купленный,comprato,köpt
led,LED,dirigió,LED,LED,doprowadziło,conduziu,вел,portato,led
pitch,pitch,tono,Tonhöhe,terrain,poziom,tom,подача,intonazione,tonhöjd
coat,abric,Saco,Mantel,manteau,płaszcz,casaco,Пальто,cappotto,täcka
mass,massa,masa,Masse,Masse,masa,massa,масса,messa,massa
card,targeta,tarjeta,Karte,carte,karta,cartão,открытка,carta,kort
band,banda,banda,Band,bande,pasmo,banda,группа,gruppo musicale,band
rope,corda,soga,Seil,corde,lina,corda,веревка,corda,rep
slip,lliscament,deslizar,Unterhose,caleçon,poślizg,escorregar,соскальзывать,scontrino,glida
win,victòria,victoria,gewinnen,gagner,wygrać,ganhar,победить,vincita,vinna
dream,somiar,sueño,Traum,rêver,śnić,Sonhe,мечтать,sognare,dröm
evening,nit,tardecita,Abend,soirée,wieczór,tarde,вечер,sera,kväll
condition,condició,condición,Bedingung,condition,stan,doença,условие,condizione,skick
feed,feed,alimento,Einspeisung,nourrir,karmić,alimentação,подача,alimentazione,utfodra
tool,eina,herramienta,Werkzeug,outil,narzędzie,ferramenta,инструмент,attrezzo,verktyg
basic,bàsica,básico,Basic,de base,podstawowy,básico,базовый,di base,grundläggande
smell,olor,oler,Geruch,sentir,zapach,cheiro,запах,odore,lukt
valley,vall,Valle,Senke,vallée,dolina,vale,долина,valle,dal
nor,ni,ni,Noch,ni,ani,nem,ни,né,inte heller
double,doble,doble,doppelt,double,podwójnie,em dobro,двойной,Doppio,dubbel
seat,seient,asiento,Sitz,siège,siedzenie,assento,сиденье,posto a sedere,sittplats
continue,continuar,Seguir,fortsetzen,Continuez,kontynuować,Prosseguir,Продолжать,Continua,Fortsätta
block,bloc,bloquear,Block,bloquer,blok,quadra,блокировать,bloccare,blockera
chart,taula,cuadro,Diagramm,graphique,wykres,gráfico,диаграмма,grafico,Diagram
hat,barret,sombrero,Hut,chapeau,kapelusz,chapéu,шляпа,cappello,hatt
sell,vendre,vender,verkaufen,vendre,Sprzedać,vender,продавать,vendere,sälja
success,èxit,éxito,Erfolg,Succès,powodzenie,sucesso,успех,successo,Framgång
company,empresa,empresa,Gesellschaft,compagnie,firma,companhia,Компания,azienda,företag
subtract,restar,sustraer,subtrahieren,soustraire,odejmować,subtrair,вычтите,sottrarre,subtrahera
event,esdeveniment,evento,Veranstaltung,un événement,wydarzenie,evento,мероприятие,evento,händelse
particular,particular,especial,besondere,particulier,konkretny,especial,конкретный,particolare,särskild
deal,acord,acuerdo,handeln,accord,sprawa,acordo,иметь дело,affare,handla
swim,nedar,nadar,schwimmen,baignade,pływać,nadar,плавать,nuotare,simma
term,termini,término,Begriff,terme,termin,prazo,срок,termine,termin
opposite,oposada,opuesto,Gegenteil,opposé,naprzeciwko,oposto,противоположный,di fronte,motsatt
wife,dona,esposa,Ehefrau,épouse,żona,esposa,жена,moglie,fru
shoe,sabata,zapato,Schuh,chaussure,but,sapato,обувь,scarpa,sko
shoulder,espatlla,hombro,Schulter,épaule,ramię,ombro,плечо,spalla,axel
spread,propagació,untado,Verbreitung,se propager,rozpiętość,espalhar,распространять,differenza,spridning
arrange,organitzar,arreglar,arrangieren,organiser,zorganizować,arranjo,договариваться,organizzare,ordna
camp,campament,acampar,Lager,camp,obóz,acampamento,лагерь,campo,läger
invent,inventar,inventar,erfinden,inventer,wymyślać,inventar,изобретать,inventare,uppfinna
cotton,cotó,algodón,Baumwolle,coton,bawełna,algodão,хлопок,cotone,bomull
born,born,nacido,geboren,née,urodzić się,nascido,Родился,Nato,född
determine,determinar,determinar,bestimmen,déterminer,określać,determinar,определять,determinare,bestämma
quart,quart,cuarto de galón,Quart,litre,kwarta,Quart,лист,Quart,quart
nine,còlera,nueve,neun,neuf,dziewięć,nove,девять,nove,nio
truck,camió,camión,LKW,un camion,ciężarówka,caminhão,грузовая машина,camion,lastbil
noise,soroll,ruido,Lärm,bruit,hałas,ruído,шум,rumore,ljud
level,nivell,nivel,eben,niveau,poziom,nível,уровень,livello,nivå
chance,oportunitat,oportunidad,Chance,chance,szansa,chance,шанс,opportunità,chans
gather,reunir,recolectar,versammeln,rassembler,zebrać,reunir,собирать,mettere insieme,samla
shop,botiga,tienda,Geschäft,magasin,sklep,fazer compras,магазин,negozio,affär
stretch,estirament,tramo,strecken,extensible,rozciągać się,esticar,протяжение,stirata,sträcka
throw,llançar,lanzar,Wurf,jeter,rzucić,lançar,бросать,gettare,kasta
shine,brillantor,brillar,scheinen,briller,połysk,brilhar,светить,splendore,glans
property,propietat,propiedad,Eigentum,propriété,własność,propriedade,имущество,proprietà,fast egendom
column,columna,columna,Säule,colonne,kolumna,coluna,столбец,colonna,kolumn
molecule,molècula,molécula,Molekül,molécule,cząsteczka,molécula,молекула,molecola,molekyl
select,seleccioneu,Seleccione,auswählen,sélectionner,Wybierz,Selecione,Выбрать,Selezionare,Välj
wrong,mal,equivocado,falsch,mauvais,zło,errado,неправильный,sbagliato,fel
gray,gris,gris,grau,grise,szary,cinzento,серый,grigio,grå
repeat,repeteixi,repetir,wiederholen,répéter,powtarzać,repetir,повторение,ripetere,upprepa
require,requerir,requerir,benötigen,exiger,wymagać,exigir,требовать,richiedere,behöva
broad,ampli,amplio,breit,vaste,szeroki,largo,широкий,ampio,bred
prepare,preparar,preparar,vorbereiten,préparer,przygotować,preparar,подготовить,preparare,förbereda
salt,sal,sal,Salz,sel,Sól,sal,соль,sale,salt-
nose,nas,nariz,Nase,nez,nos,nariz,нос,naso,näsa
plural,plural,plural,Plural-,pluriel,mnogi,plural,множественное число,plurale,flertal
anger,còlera,enfado,Wut,colère,gniew,raiva,злость,la rabbia,ilska
claim,reclamació,reclamar,Klage,réclamer,prawo,alegar,требовать,reclamo,krav
continent,continent,continente,Kontinent,continent,kontynent,continente,континент,continente,kontinent